Client,Sale_CC,Predicted_Probability_Sale_CC,Predicted_Sale_CC,Revenue_CC
1,0.0,0.6008786909659394,1.0,0.0
2,0.0,0.6522221699567229,1.0,0.0
3,,0.5073553083859891,1.0,4.3769642855
4,,0.5509315654448171,1.0,4.3769642855
5,,0.6688006647973606,1.0,4.3769642855
6,0.0,0.5727018736702163,1.0,0.0
7,,0.5248345750920173,1.0,4.3769642855
8,0.0,0.47153705618351327,0.0,0.0
9,,0.552954666840801,1.0,4.3769642855
10,,0.7910247526778792,1.0,4.3769642855
11,,0.5679133258511786,1.0,4.3769642855
12,,0.559871596025254,1.0,4.3769642855
13,0.0,0.5612888142837815,1.0,0.0
14,0.0,0.45735158179258845,0.0,0.0
15,0.0,0.2918696932162981,0.0,0.0
16,,0.64256138522668,1.0,4.3769642855
17,0.0,0.5854586190945724,1.0,0.0
18,,0.4922396254333698,0.0,
19,,0.7131278147568912,1.0,4.3769642855
20,1.0,0.6847479604696051,1.0,3.8225
21,1.0,0.7002072787425697,1.0,3.607142857
22,1.0,0.618928044667467,1.0,1.107142857
23,0.0,0.6292132710478066,1.0,0.0
24,,0.53505781790305,1.0,4.3769642855
25,,0.5202546469633842,1.0,4.3769642855
26,0.0,0.553586933906525,1.0,0.0
27,0.0,0.5535187183290882,1.0,0.0
28,,0.5657356755999491,1.0,4.3769642855
29,1.0,0.6525830770606634,1.0,4.286785714
30,,0.5959819358036974,1.0,4.3769642855
31,0.0,0.4322396254333698,0.0,0.0
32,,0.6234930847758338,1.0,4.3769642855
33,1.0,0.6035609605899638,1.0,3.25
34,0.0,0.5042598993462364,1.0,0.0
35,0.0,0.7143373706987753,1.0,0.0
36,0.0,0.71240734169853,1.0,0.0
37,1.0,0.5858831091752671,1.0,0.642857143
38,0.0,0.6742617001205806,1.0,0.0
39,,0.5556898200606588,1.0,4.3769642855
40,0.0,0.6275468678535244,1.0,0.0
41,,0.5648345750920173,1.0,4.3769642855
42,0.0,0.5475940115321039,1.0,0.0
43,1.0,0.5808786909659394,1.0,1.964285714
44,1.0,0.5944554301458035,1.0,4.464285714
45,1.0,0.5593025174675583,1.0,15.39392857
46,1.0,0.6030879797233308,1.0,7.1525
47,0.0,0.6617738400106571,1.0,0.0
48,1.0,0.5208663214280265,1.0,0.893928571
49,1.0,0.5819502970682655,1.0,15.24642857
50,0.0,0.6571890773680623,1.0,0.0
51,,0.6181178987963525,1.0,4.3769642855
52,0.0,0.5703635973199832,1.0,0.0
53,0.0,0.38653889604609476,0.0,0.0
54,,0.6184517437862113,1.0,4.3769642855
55,,0.6408389204377073,1.0,4.3769642855
56,0.0,0.6713213143672434,1.0,0.0
57,,0.5169238352518759,1.0,4.3769642855
58,0.0,0.5097557648064468,1.0,0.0
59,,0.6151737066629253,1.0,4.3769642855
60,0.0,0.5816183688087491,1.0,0.0
61,,0.6468343285121398,1.0,4.3769642855
62,,0.6725830770606634,1.0,4.3769642855
63,,0.6609341972421565,1.0,4.3769642855
64,,0.3711501632942772,0.0,
65,0.0,0.5667868733000984,1.0,0.0
66,0.0,0.5559419741633228,1.0,0.0
67,0.0,0.552251148801147,1.0,0.0
68,1.0,0.6851665033515337,1.0,3.5
69,0.0,0.5938072207937121,1.0,0.0
70,,0.5922943881798985,1.0,4.3769642855
71,0.0,0.5883898399380755,1.0,0.0
72,0.0,0.6690650066192444,1.0,0.0
73,1.0,0.6524317762507175,1.0,1.785714286
74,,0.5997755820582801,1.0,4.3769642855
75,0.0,0.644901117970495,1.0,0.0
76,0.0,0.43462808541650105,0.0,0.0
77,,0.5602714000989006,1.0,4.3769642855
78,0.0,0.5808786909659394,1.0,0.0
79,0.0,0.7078051185079743,1.0,0.0
80,0.0,0.5324317762507176,1.0,0.0
81,0.0,0.6736155997590524,1.0,0.0
82,0.0,0.5474146991269796,1.0,0.0
83,1.0,0.7002075681190674,1.0,5.25
84,,0.3731810027214598,0.0,
85,0.0,0.6074378186347209,1.0,0.0
86,0.0,0.5883898399380755,1.0,0.0
87,0.0,0.47738616719094756,0.0,0.0
88,0.0,0.5478051185079744,1.0,0.0
89,,0.5468517642689674,1.0,4.3769642855
90,0.0,0.5651665033515338,1.0,0.0
91,,0.39931406940558956,0.0,
92,0.0,0.593259895651441,1.0,0.0
93,1.0,0.7344181823944612,1.0,3.392857143
94,,0.6649285879191758,1.0,4.3769642855
95,0.0,0.6130741334588068,1.0,0.0
96,1.0,0.6428848435406289,1.0,6.107142857
97,,0.647415562001839,1.0,4.3769642855
98,,0.6008389204377073,1.0,4.3769642855
99,,0.5192962592878047,1.0,4.3769642855
100,,0.1995509270405393,0.0,
101,,0.636488166948984,1.0,4.3769642855
102,0.0,0.584992419899009,1.0,0.0
103,1.0,0.6468343285121398,1.0,12.25642857
104,,0.6916282664280746,1.0,4.3769642855
105,,0.5580116081834907,1.0,4.3769642855
106,0.0,0.514897833605793,1.0,0.0
107,0.0,0.662777403736649,1.0,0.0
108,0.0,0.5395038481962224,1.0,0.0
109,,0.608323817916745,1.0,4.3769642855
110,,0.6663429664669879,1.0,4.3769642855
111,,0.24471837918187056,0.0,
112,0.0,0.6230445629297707,1.0,0.0
113,0.0,0.5806773795916195,1.0,0.0
114,0.0,0.4683015228548227,0.0,0.0
115,,0.6250152025415879,1.0,4.3769642855
116,0.0,0.53841547349133,1.0,0.0
117,,0.33214599896016067,0.0,
118,0.0,0.6090046320030575,1.0,0.0
119,,0.6083507709512862,1.0,4.3769642855
120,0.0,0.5791140992737962,1.0,0.0
121,,0.6291852594526283,1.0,4.3769642855
122,1.0,0.5507969068495229,1.0,2.857142857
123,0.0,0.5469095800959326,1.0,0.0
124,,0.502765132183992,1.0,4.3769642855
125,,0.1995509270405393,0.0,
126,,0.5715229943261145,1.0,4.3769642855
127,1.0,0.6008389204377073,1.0,0.071428571
128,,0.5642361272711325,1.0,4.3769642855
129,0.0,0.5896239388315178,1.0,0.0
130,0.0,0.5753746449366587,1.0,0.0
131,1.0,0.5847157784824644,1.0,4.642857143
132,0.0,0.7947922504927569,1.0,0.0
133,,0.6831952814081649,1.0,4.3769642855
134,0.0,0.5855741347538613,1.0,0.0
135,,0.7214581097568166,1.0,4.3769642855
136,0.0,0.5556936620117647,1.0,0.0
137,1.0,0.49581245862131756,0.0,9.392857143
138,,0.5689538914263628,1.0,4.3769642855
139,0.0,0.5002697481892919,1.0,0.0
140,,0.5951028956075511,1.0,4.3769642855
141,,0.6857883147989244,1.0,4.3769642855
142,0.0,0.5749731889534035,1.0,0.0
143,0.0,0.22662239721276664,0.0,0.0
144,,0.6150410647675335,1.0,4.3769642855
145,,0.6873637783315567,1.0,4.3769642855
146,,0.24573443434824946,0.0,
147,0.0,0.5228160529794148,1.0,0.0
148,0.0,0.5353337221570699,1.0,0.0
149,0.0,0.6115925065828034,1.0,0.0
150,,0.5638777876235725,1.0,4.3769642855
151,,0.6797714692602935,1.0,4.3769642855
152,,0.6223765873851472,1.0,4.3769642855
153,,0.6414979949750282,1.0,4.3769642855
154,,0.5386735387540018,1.0,4.3769642855
155,,0.3465062013026199,0.0,
156,0.0,0.6519282321336958,1.0,0.0
157,0.0,0.566958167423389,1.0,0.0
158,0.0,0.617109495968268,1.0,0.0
159,0.0,0.5563518736742263,1.0,0.0
160,0.0,0.5279166068014425,1.0,0.0
161,,0.6328825011197869,1.0,4.3769642855
162,0.0,0.32525350432789524,0.0,0.0
163,0.0,0.6604590378208995,1.0,0.0
164,,0.5818579047475747,1.0,4.3769642855
165,,0.5896239388315178,1.0,4.3769642855
166,,0.6074378186347209,1.0,4.3769642855
167,0.0,0.5953746449366587,1.0,0.0
168,,0.7176926416596165,1.0,4.3769642855
169,,0.5974814841325141,1.0,4.3769642855
170,,0.3144902953505562,0.0,
171,1.0,0.6283238179167451,1.0,9.0
172,0.0,0.559487095060706,1.0,0.0
173,0.0,0.6736155997590524,1.0,0.0
174,,0.5786642054277219,1.0,4.3769642855
175,,0.3531114087465426,0.0,
176,,0.5677823358653955,1.0,4.3769642855
177,0.0,0.5447157784824644,1.0,0.0
178,0.0,0.6157344928693934,1.0,0.0
179,0.0,0.6235609605899637,1.0,0.0
180,,0.6298875231516421,1.0,4.3769642855
181,0.0,0.6820020215201567,1.0,0.0
182,0.0,0.5633652319144854,1.0,0.0
183,,0.5579209497267817,1.0,4.3769642855
184,1.0,0.6144554301458034,1.0,5.785714286
185,0.0,0.5357615378258948,1.0,0.0
186,0.0,0.594538844119264,1.0,0.0
187,0.0,0.6625613852266801,1.0,0.0
188,,0.5718565744952396,1.0,4.3769642855
189,0.0,0.5828520946016049,1.0,0.0
190,0.0,0.691657192770337,1.0,0.0
191,0.0,0.5614541213941084,1.0,0.0
192,0.0,0.677779256282029,1.0,0.0
193,0.0,0.7075105865362881,1.0,0.0
194,1.0,0.6328345155656081,1.0,5.407142857
195,0.0,0.5585944644983417,1.0,0.0
196,,0.5714041977165616,1.0,4.3769642855
197,,0.7052605161786921,1.0,4.3769642855
198,0.0,0.5654871723362485,1.0,0.0
199,,0.5602714000989006,1.0,4.3769642855
200,,0.2270734951824224,0.0,
201,,0.5927018736702163,1.0,4.3769642855
202,0.0,0.4857356755999492,0.0,0.0
203,1.0,0.6167349246123563,1.0,16.94535714
204,0.0,0.25471695150811263,0.0,0.0
205,0.0,0.5739617617814862,1.0,0.0
206,,0.7389005456918918,1.0,4.3769642855
207,,0.5973368146029082,1.0,4.3769642855
208,0.0,0.45313980612065224,0.0,0.0
209,0.0,0.5876863218984216,1.0,0.0
210,0.0,0.4963926007680374,0.0,0.0
211,,0.6297595349010467,1.0,4.3769642855
212,0.0,0.6002697481892919,1.0,0.0
213,0.0,0.6517438073927494,1.0,0.0
214,,0.4817709484277172,0.0,
215,0.0,0.5405225413598765,1.0,0.0
216,,0.5315925065828034,1.0,4.3769642855
217,,0.5764140101612525,1.0,4.3769642855
218,0.0,0.6185963296135918,1.0,0.0
219,1.0,0.6704286838048792,1.0,4.286785714
220,0.0,0.6057356755999491,1.0,0.0
221,0.0,0.552954666840801,1.0,0.0
222,0.0,0.28166775995553694,0.0,0.0
223,,0.5874622531869086,1.0,4.3769642855
224,,0.5284413357172756,1.0,4.3769642855
225,0.0,0.6449689701465057,1.0,0.0
226,,0.6427895667361796,1.0,4.3769642855
227,,0.746719091176688,1.0,4.3769642855
228,,0.5336298335219698,1.0,4.3769642855
229,,0.6291862433278246,1.0,4.3769642855
230,1.0,0.5466262391638725,1.0,1.964285714
231,,0.5432688028586793,1.0,4.3769642855
232,,0.5765573662318666,1.0,4.3769642855
233,,0.5422335697651502,1.0,4.3769642855
234,1.0,0.6284577157522055,1.0,0.214285714
235,,0.5770967812847752,1.0,4.3769642855
236,1.0,0.6146280854165012,1.0,4.821428571
237,,0.6283009669252945,1.0,4.3769642855
238,0.0,0.5800261370130283,1.0,0.0
239,,0.28296893626168457,0.0,
240,,0.5120270800896339,1.0,4.3769642855
241,0.0,0.6053603060784902,1.0,0.0
242,0.0,0.6275468678535244,1.0,0.0
243,,0.6850995421147368,1.0,4.3769642855
244,0.0,0.5294161551302591,1.0,0.0
245,0.0,0.4952900159870123,0.0,0.0
246,,0.618928044667467,1.0,4.3769642855
247,0.0,0.6938548169805668,1.0,0.0
248,1.0,0.5360349235975612,1.0,10.60821429
249,0.0,0.6898205619148453,1.0,0.0
250,0.0,0.5382605594029694,1.0,0.0
251,0.0,0.6512111738054603,1.0,0.0
252,1.0,0.730487065391197,1.0,5.638571429
253,0.0,0.48845771575220565,0.0,0.0
254,0.0,0.5557806244293776,1.0,0.0
255,,0.27852885585335746,0.0,
256,0.0,0.5228404875316025,1.0,0.0
257,,0.5937674502654801,1.0,4.3769642855
258,,0.30458718611078717,0.0,
259,0.0,0.6628848435406289,1.0,0.0
260,,0.5515229943261145,1.0,4.3769642855
261,,0.5600940128271583,1.0,4.3769642855
262,0.0,0.55902299303106,1.0,0.0
263,,0.6153051172129199,1.0,4.3769642855
264,0.0,0.6725830770606634,1.0,0.0
265,,0.559263026349193,1.0,4.3769642855
266,,0.6033368918784507,1.0,4.3769642855
267,,0.29029030102528125,0.0,
268,0.0,0.5449482414745419,1.0,0.0
269,0.0,0.7365250215903165,1.0,0.0
270,,0.545581134612175,1.0,4.3769642855
271,1.0,0.5405451107968141,1.0,3.573928571
272,0.0,0.6704083620506779,1.0,0.0
273,,0.612656084657277,1.0,4.3769642855
274,,0.5400940128271583,1.0,4.3769642855
275,1.0,0.6353051172129199,1.0,6.428571429
276,,0.5330913332161452,1.0,4.3769642855
277,1.0,0.5629355195974207,1.0,2.429642857
278,0.0,0.5507969068495229,1.0,0.0
279,0.0,0.6831952814081649,1.0,0.0
280,0.0,0.34867870368415965,0.0,0.0
281,0.0,0.5044765003525725,1.0,0.0
282,1.0,0.7153534505622993,1.0,7.356785714
283,,0.6593521853080453,1.0,4.3769642855
284,1.0,0.5808786909659394,1.0,0.893214286
285,1.0,0.5146280854165011,1.0,5.642857143
286,,0.5355250726528512,1.0,4.3769642855
287,0.0,0.5406843794499331,1.0,0.0
288,0.0,0.5413862455799784,1.0,0.0
289,,0.714897833605793,1.0,4.3769642855
290,0.0,0.5808786909659394,1.0,0.0
291,1.0,0.5857356755999491,1.0,6.607142857
292,0.0,0.5549899420889198,1.0,0.0
293,,0.6003322760547171,1.0,4.3769642855
294,0.0,0.742921325081375,1.0,0.0
295,0.0,0.6423765873851471,1.0,0.0
296,,0.6736155997590524,1.0,4.3769642855
297,0.0,0.5544426169466488,1.0,0.0
298,0.0,0.6538539022334828,1.0,0.0
299,,0.5784069790555164,1.0,4.3769642855
300,0.0,0.29961717043147007,0.0,0.0
301,,0.445786596395372,0.0,
302,0.0,0.697869291768834,1.0,0.0
303,0.0,0.4251681552611425,0.0,0.0
304,0.0,0.5775986288324583,1.0,0.0
305,,0.6571890773680623,1.0,4.3769642855
306,1.0,0.6950784610553636,1.0,5.357142857
307,,0.665698279312119,1.0,4.3769642855
308,0.0,0.6029355195974206,1.0,0.0
309,,0.6831952814081649,1.0,4.3769642855
310,0.0,0.20968301015824253,0.0,0.0
311,,0.528800954173858,1.0,4.3769642855
312,,0.5639876240074319,1.0,4.3769642855
313,,0.3940211871364581,0.0,
314,,0.5089659719076874,1.0,4.3769642855
315,0.0,0.6329887917326488,1.0,0.0
316,0.0,0.5634233438464535,1.0,0.0
317,1.0,0.5502570612407321,1.0,4.286785714
318,,0.6329887917326488,1.0,4.3769642855
319,0.0,0.5630879797233309,1.0,0.0
320,0.0,0.6427126405567077,1.0,0.0
321,0.0,0.6542617001205806,1.0,0.0
322,1.0,0.7546305985560534,1.0,1.785714286
323,1.0,0.577576432496107,1.0,4.036785714
324,0.0,0.5059230608875254,1.0,0.0
325,,0.5715229943261145,1.0,4.3769642855
326,,0.611554685507365,1.0,4.3769642855
327,0.0,0.6948747140980516,1.0,0.0
328,0.0,0.3360223855137371,0.0,0.0
329,,0.5454613831184207,1.0,4.3769642855
330,,0.57376745026548,1.0,4.3769642855
331,,0.42014784521278914,0.0,
332,,0.5876863218984216,1.0,4.3769642855
333,,0.5679017187811762,1.0,4.3769642855
334,1.0,0.6785208493571078,1.0,1.786785714
335,0.0,0.5771646570989053,1.0,0.0
336,,0.557461204505239,1.0,4.3769642855
337,0.0,0.6616033189492131,1.0,0.0
338,,0.5530225426549311,1.0,4.3769642855
339,0.0,0.5661712992431108,1.0,0.0
340,,0.6618262861580232,1.0,4.3769642855
341,0.0,0.5600940128271583,1.0,0.0
342,,0.519871596025254,1.0,4.3769642855
343,0.0,0.5847666992778872,1.0,0.0
344,0.0,0.6380715132044521,1.0,0.0
345,,0.6504083620506779,1.0,4.3769642855
346,0.0,0.53909086884519,1.0,0.0
347,,0.5839876240074319,1.0,4.3769642855
348,0.0,0.66193003290804,1.0,0.0
349,0.0,0.6182985262459231,1.0,0.0
350,,0.3239269074498847,0.0,
351,1.0,0.7716600551400964,1.0,3.607142857
352,,0.6404822682495057,1.0,4.3769642855
353,,0.5960326609133425,1.0,4.3769642855
354,,0.6619772975914716,1.0,4.3769642855
355,,0.6895586749835616,1.0,4.3769642855
356,,0.6484577157522057,1.0,4.3769642855
357,,0.6831952814081649,1.0,4.3769642855
358,,0.36330990868467017,0.0,
359,,0.7286577230121174,1.0,4.3769642855
360,0.0,0.7947922504927569,1.0,0.0
361,0.0,0.6206351734803954,1.0,0.0
362,,0.6701814165166243,1.0,4.3769642855
363,0.0,0.6006148517261942,1.0,0.0
364,,0.5936751398991622,1.0,4.3769642855
365,1.0,0.6740503845117476,1.0,0.891785714
366,0.0,0.6329887917326488,1.0,0.0
367,,0.6248132206312655,1.0,4.3769642855
368,,0.6880920365704069,1.0,4.3769642855
369,,0.6057356755999491,1.0,4.3769642855
370,0.0,0.6736155997590524,1.0,0.0
371,0.0,0.5608786909659393,1.0,0.0
372,1.0,0.7473299590867174,1.0,1.786785714
373,,0.46157924098909325,0.0,
374,1.0,0.5737391737621864,1.0,76.85928571
375,,0.6626382659262339,1.0,4.3769642855
376,0.0,0.37402963759561636,0.0,0.0
377,0.0,0.662777403736649,1.0,0.0
378,0.0,0.7175738450500636,1.0,0.0
379,,0.5878051185079745,1.0,4.3769642855
380,0.0,0.559263026349193,1.0,0.0
381,,0.5939617617814863,1.0,4.3769642855
382,,0.7814437039949061,1.0,4.3769642855
383,,0.5699357899057135,1.0,4.3769642855
384,1.0,0.5648345750920173,1.0,6.107142857
385,1.0,0.6894087866873942,1.0,4.5
386,,0.7139912296004957,1.0,4.3769642855
387,0.0,0.5563205811287839,1.0,0.0
388,1.0,0.5341941136829481,1.0,37.23321429
389,,0.6926728948257923,1.0,4.3769642855
390,0.0,0.5205473043529205,1.0,0.0
391,0.0,0.6335106638118305,1.0,0.0
392,,0.4857116141483479,0.0,
393,0.0,0.5800940128271583,1.0,0.0
394,,0.588363140489199,1.0,4.3769642855
395,1.0,0.5780116081834907,1.0,7.0
396,,0.5954695933002516,1.0,4.3769642855
397,0.0,0.5527969057360346,1.0,0.0
398,0.0,0.7932496914578797,1.0,0.0
399,0.0,0.6564140101612524,1.0,0.0
400,,0.6057356755999491,1.0,4.3769642855
401,,0.5011090178572061,1.0,4.3769642855
402,0.0,0.5704100139602868,1.0,0.0
403,,0.6290068946872762,1.0,4.3769642855
404,0.0,0.6123345737969628,1.0,0.0
405,0.0,0.5834930847758337,1.0,0.0
406,,0.5683898399380756,1.0,4.3769642855
407,0.0,0.6047834524134036,1.0,0.0
408,1.0,0.590685376567809,1.0,7.0
409,,0.5390229930310599,1.0,4.3769642855
410,,0.6107756619239316,1.0,4.3769642855
411,,0.6208786909659394,1.0,4.3769642855
412,1.0,0.6641227643955143,1.0,0.893928571
413,0.0,0.6080986387723702,1.0,0.0
414,0.0,0.6409341972421566,1.0,0.0
415,1.0,0.5202546469633842,1.0,16.42857143
416,0.0,0.5563099131044971,1.0,0.0
417,0.0,0.5432688028586793,1.0,0.0
418,0.0,0.6077372426938443,1.0,0.0
419,,0.5557806244293776,1.0,4.3769642855
420,1.0,0.5892806053851898,1.0,6.785714286
421,0.0,0.533807220793712,1.0,0.0
422,0.0,0.7087765196216705,1.0,0.0
423,,0.6626382659262339,1.0,4.3769642855
424,0.0,0.6282983248039202,1.0,0.0
425,0.0,0.6284577157522055,1.0,0.0
426,,0.5883898399380755,1.0,4.3769642855
427,,0.7202528424338346,1.0,4.3769642855
428,1.0,0.6490650066192444,1.0,2.714285714
429,,0.5219258625160779,1.0,4.3769642855
430,,0.36372520800460434,0.0,
431,,0.6468343285121398,1.0,4.3769642855
432,,0.6712013136341091,1.0,4.3769642855
433,0.0,0.5915229943261144,1.0,0.0
434,0.0,0.6476863218984215,1.0,0.0
435,,0.2915806686628512,0.0,
436,0.0,0.5756257861976346,1.0,0.0
437,0.0,0.38946951602470925,0.0,0.0
438,1.0,0.559871596025254,1.0,4.285714286
439,,0.6736155997590524,1.0,4.3769642855
440,,0.5578683770217502,1.0,4.3769642855
441,0.0,0.25478482732224267,0.0,0.0
442,0.0,0.6354613101103029,1.0,0.0
443,0.0,0.29480564169195184,0.0,0.0
444,0.0,0.5792547431592442,1.0,0.0
445,0.0,0.34206944770606545,0.0,0.0
446,0.0,0.5798020683015153,1.0,0.0
447,0.0,0.5728663497575481,1.0,0.0
448,1.0,0.555310009300357,1.0,213.2928571
449,1.0,0.6628778838194326,1.0,0.893928571
450,1.0,0.5113707578053551,1.0,5.179642857
451,0.0,0.5012610974830073,1.0,0.0
452,1.0,0.6584498270558689,1.0,1.964285714
453,0.0,0.6421112020041084,1.0,0.0
454,,0.4228015615951375,0.0,
455,1.0,0.46512809535641303,0.0,18.29214286
456,,0.33636796054182017,0.0,
457,0.0,0.5614541213941084,1.0,0.0
458,,0.5902584282745926,1.0,4.3769642855
459,,0.5563518736742263,1.0,4.3769642855
460,,0.591854922585631,1.0,4.3769642855
461,0.0,0.663306292837229,1.0,0.0
462,0.0,0.6133544709144476,1.0,0.0
463,,0.6280920365704069,1.0,4.3769642855
464,,0.5779192978171729,1.0,4.3769642855
465,1.0,0.37157682671174525,0.0,8.0
466,0.0,0.626879234217648,1.0,0.0
467,,0.5819502970682655,1.0,4.3769642855
468,,0.7808144858855198,1.0,4.3769642855
469,0.0,0.5563518736742263,1.0,0.0
470,0.0,0.5849659336557739,1.0,0.0
471,,0.5628404875316025,1.0,4.3769642855
472,0.0,0.5890726880359156,1.0,0.0
473,,0.5861712992431108,1.0,4.3769642855
474,,0.5903839274984903,1.0,4.3769642855
475,1.0,0.6482030479994709,1.0,42.68857143
476,,0.5704100139602868,1.0,4.3769642855
477,0.0,0.734590339898464,1.0,0.0
478,1.0,0.61376745026548,1.0,4.5
479,1.0,0.47131521815622485,0.0,102.1464286
480,0.0,0.5655116068884362,1.0,0.0
481,0.0,0.6631256653876584,1.0,0.0
482,0.0,0.5753746449366587,1.0,0.0
483,0.0,0.5390741157096736,1.0,0.0
484,,0.5608786909659393,1.0,4.3769642855
485,,0.5496750615101315,1.0,4.3769642855
486,0.0,0.6283009669252945,1.0,0.0
487,,0.5557806244293776,1.0,4.3769642855
488,,0.6993390827323932,1.0,4.3769642855
489,0.0,0.7398978377513572,1.0,0.0
490,,0.6485378631189928,1.0,4.3769642855
491,0.0,0.5193393721088906,1.0,0.0
492,1.0,0.630564554948061,1.0,13.21428571
493,0.0,0.6111137338831316,1.0,0.0
494,0.0,0.6490650066192444,1.0,0.0
495,0.0,0.42998202707406624,0.0,0.0
496,,0.3988127729713043,0.0,
497,1.0,0.662777403736649,1.0,3.535714286
498,,0.5726774391180287,1.0,4.3769642855
499,0.0,0.5297329821638679,1.0,0.0
500,0.0,0.6551448115175503,1.0,0.0
501,0.0,0.7199996507697932,1.0,0.0
502,0.0,0.5703402730309066,1.0,0.0
503,0.0,0.5785718950614042,1.0,0.0
504,,0.5808786909659394,1.0,4.3769642855
505,,0.605980299054068,1.0,4.3769642855
506,,0.6544414128230673,1.0,4.3769642855
507,0.0,0.6567579151382759,1.0,0.0
508,0.0,0.604896405932035,1.0,0.0
509,0.0,0.5903402730309066,1.0,0.0
510,0.0,0.7982174689213608,1.0,0.0
511,,0.533807220793712,1.0,4.3769642855
512,0.0,0.5618222423237265,1.0,0.0
513,,0.5749731889534035,1.0,4.3769642855
514,0.0,0.6680920365704068,1.0,0.0
515,0.0,0.7046619198213196,1.0,0.0
516,,0.6165403237198527,1.0,4.3769642855
517,,0.5704100139602868,1.0,4.3769642855
518,1.0,0.5970084642015223,1.0,4.928571429
519,1.0,0.6235609605899637,1.0,5.892857143
520,1.0,0.6821582144175398,1.0,0.214285714
521,,0.5808786909659394,1.0,4.3769642855
522,,0.42762906346437146,0.0,
523,,0.6033368918784507,1.0,4.3769642855
524,,0.5127469972184668,1.0,4.3769642855
525,1.0,0.6364486758306187,1.0,2.108214286
526,0.0,0.5657356755999492,1.0,0.0
527,0.0,0.6775986288324582,1.0,0.0
528,,0.34476219354439924,0.0,
529,1.0,0.7202075681190672,1.0,1.786785714
530,,0.670595034474361,1.0,4.3769642855
531,,0.6203646074656849,1.0,4.3769642855
532,,0.7533084422064618,1.0,4.3769642855
533,0.0,0.5748087128660717,1.0,0.0
534,0.0,0.3077327369603565,0.0,0.0
535,,0.7295214272322192,1.0,4.3769642855
536,0.0,0.5776687428624248,1.0,0.0
537,0.0,0.5012655838551754,1.0,0.0
538,,0.6903098871953262,1.0,4.3769642855
539,,0.5678051185079744,1.0,4.3769642855
540,,0.7814437039949061,1.0,4.3769642855
541,,0.6468343285121398,1.0,4.3769642855
542,1.0,0.6002714000989006,1.0,1.785714286
543,,0.2871214810186063,0.0,
544,0.0,0.5156505491906787,1.0,0.0
545,,0.6394955650062737,1.0,4.3769642855
546,1.0,0.5681219455415832,1.0,8.928214286
547,0.0,0.6284789522534908,1.0,0.0
548,0.0,0.6048964059320351,1.0,0.0
549,0.0,0.7168323667611576,1.0,0.0
550,0.0,0.5785944644983417,1.0,0.0
551,0.0,0.5808786909659394,1.0,0.0
552,0.0,0.5409316787598031,1.0,0.0
553,0.0,0.5578514220030429,1.0,0.0
554,1.0,0.5911234871603344,1.0,1.785714286
555,,0.655082238172207,1.0,4.3769642855
556,0.0,0.5632688028586793,1.0,0.0
557,0.0,0.5724041015207015,1.0,0.0
558,0.0,0.5613181565602069,1.0,0.0
559,,0.710157271340934,1.0,4.3769642855
560,0.0,0.6128580665675993,1.0,0.0
561,0.0,0.5017163087242448,1.0,0.0
562,,0.5585944644983417,1.0,4.3769642855
563,1.0,0.5052399841169941,1.0,1.3225
564,1.0,0.6812397430222554,1.0,28.705
565,,0.53537299302705,1.0,4.3769642855
566,,0.49798688425480564,0.0,
567,,0.6339617617814863,1.0,4.3769642855
568,1.0,0.49543643563955925,0.0,5.356071429
569,1.0,0.32042462497978347,0.0,3.607142857
570,,0.6805566662517244,1.0,4.3769642855
571,,0.23207550487414913,0.0,
572,0.0,0.573807220793712,1.0,0.0
573,0.0,0.5984835779781512,1.0,0.0
574,0.0,0.6054871723362485,1.0,0.0
575,1.0,0.5724024496110929,1.0,15.29178571
576,1.0,0.31827055312211167,0.0,4.396785714
577,,0.5277488497638467,1.0,4.3769642855
578,0.0,0.5774814841325141,1.0,0.0
579,,0.6044131830956192,1.0,4.3769642855
580,0.0,0.5722276289960433,1.0,0.0
581,0.0,0.47906933454310136,0.0,0.0
582,0.0,0.5626635054475796,1.0,0.0
583,,0.5424051923292972,1.0,4.3769642855
584,0.0,0.6275330952694194,1.0,0.0
585,1.0,0.5398435844300756,1.0,6.253214286
586,,0.5324215362145757,1.0,4.3769642855
587,,0.5620446591256307,1.0,4.3769642855
588,0.0,0.6333544709144475,1.0,0.0
589,0.0,0.5775776364499378,1.0,0.0
590,,0.6280920365704069,1.0,4.3769642855
591,1.0,0.21982162401962868,0.0,1.786785714
592,,0.7664991593643709,1.0,4.3769642855
593,0.0,0.32262769134825414,0.0,0.0
594,,0.7495214272322193,1.0,4.3769642855
595,,0.6603885447988448,1.0,4.3769642855
596,,0.2937119424108942,0.0,
597,0.0,0.6063508765563503,1.0,0.0
598,0.0,0.5360349235975612,1.0,0.0
599,0.0,0.720358979849878,1.0,0.0
600,0.0,0.5637241132085431,1.0,0.0
601,1.0,0.6623144073149225,1.0,6.8625
602,0.0,0.44884241859994456,0.0,0.0
603,,0.842711273522847,1.0,4.3769642855
604,0.0,0.47402963759561634,0.0,0.0
605,0.0,0.33398108882690847,0.0,0.0
606,0.0,0.6788891888863191,1.0,0.0
607,,0.4963926007680374,0.0,
608,0.0,0.7089616388613158,1.0,0.0
609,0.0,0.711045120736726,1.0,0.0
610,0.0,0.4214971321001688,0.0,0.0
611,0.0,0.5360680409513856,1.0,0.0
612,0.0,0.5136026848016508,1.0,0.0
613,1.0,0.4332778719918127,0.0,0.892857143
614,1.0,0.5264859082522311,1.0,3.751071429
615,0.0,0.533807220793712,1.0,0.0
616,,0.6329887917326488,1.0,4.3769642855
617,1.0,0.655082238172207,1.0,110.47
618,1.0,0.29897444426235203,0.0,18.57142857
619,0.0,0.6492806053851897,1.0,0.0
620,,0.4483694229446708,0.0,
621,0.0,0.598113000475869,1.0,0.0
622,,0.30843196509312665,0.0,
623,0.0,0.5440815862833583,1.0,0.0
624,0.0,0.7910332471136928,1.0,0.0
625,,0.6592791777114319,1.0,4.3769642855
626,,0.5970084642015223,1.0,4.3769642855
627,0.0,0.5202584889144901,1.0,0.0
628,1.0,0.5314118791332327,1.0,5.465357143
629,1.0,0.49939029290431347,0.0,49.08071429
630,0.0,0.6526572931847429,1.0,0.0
631,0.0,0.6427895667361796,1.0,0.0
632,0.0,0.552954666840801,1.0,0.0
633,,0.6716197964825069,1.0,4.3769642855
634,1.0,0.7293567643892687,1.0,6.857142857
635,,0.309879788970052,0.0,
636,0.0,0.6823144073149225,1.0,0.0
637,,0.3113391244850285,0.0,
638,0.0,0.6002697481892919,1.0,0.0
639,1.0,0.51736173263876,1.0,1.321428571
640,,0.8206044343269917,1.0,4.3769642855
641,,0.4053611506702574,0.0,
642,0.0,0.5760618766321024,1.0,0.0
643,0.0,0.4494166967767568,0.0,0.0
644,1.0,0.6885050159214393,1.0,4.286785714
645,0.0,0.6208389204377073,1.0,0.0
646,0.0,0.5764894904177364,1.0,0.0
647,,0.5828520946016049,1.0,4.3769642855
648,1.0,0.4781675117043762,0.0,8.214285714
649,1.0,0.6008786909659394,1.0,3.0
650,,0.5314118791332327,1.0,4.3769642855
651,,0.31382452282893925,0.0,
652,,0.5463508765563503,1.0,4.3769642855
653,0.0,0.8178145183606054,1.0,0.0
654,,0.5489104656314702,1.0,4.3769642855
655,,0.6153051172129199,1.0,4.3769642855
656,,0.6833340150559098,1.0,4.3769642855
657,0.0,0.55369957445135,1.0,0.0
658,1.0,0.6556599110894825,1.0,0.214285714
659,,0.623348498948453,1.0,4.3769642855
660,,0.6601184473793461,1.0,4.3769642855
661,0.0,0.6861251351458779,1.0,0.0
662,0.0,0.2324890774868679,0.0,0.0
663,0.0,0.6571890773680623,1.0,0.0
664,,0.6408389204377073,1.0,4.3769642855
665,,0.5666262391638726,1.0,4.3769642855
666,1.0,0.5375084371670552,1.0,6.785714286
667,,0.606958167423389,1.0,4.3769642855
668,,0.6253087228059837,1.0,4.3769642855
669,,0.6054871723362485,1.0,4.3769642855
670,0.0,0.5924285360728893,1.0,0.0
671,0.0,0.7533084422064618,1.0,0.0
672,1.0,0.5488357918422173,1.0,1.964285714
673,0.0,0.6719282321336958,1.0,0.0
674,,0.5432688028586793,1.0,4.3769642855
675,0.0,0.6101714658569797,1.0,0.0
676,,0.4051681552611425,0.0,
677,,0.5432007558271537,1.0,4.3769642855
678,0.0,0.5414417249325779,1.0,0.0
679,1.0,0.5142621005876938,1.0,3.392857143
680,0.0,0.2791629818012851,0.0,0.0
681,,0.5189401096817418,1.0,4.3769642855
682,1.0,0.6558295247306405,1.0,0.214285714
683,0.0,0.6201184473793461,1.0,0.0
684,0.0,0.6031159913185092,1.0,0.0
685,,0.5042870480665553,1.0,4.3769642855
686,1.0,0.542765132183992,1.0,8.392857143
687,0.0,0.553807220793712,1.0,0.0
688,,0.6330585842771211,1.0,4.3769642855
689,0.0,0.578356711720393,1.0,0.0
690,,0.7712053801274499,1.0,4.3769642855
691,0.0,0.5432688028586793,1.0,0.0
692,1.0,0.5489104656314702,1.0,4.285714286
693,0.0,0.628323817916745,1.0,0.0
694,1.0,0.5191877820921982,1.0,5.5725
695,,0.33783858252837434,0.0,
696,,0.5613181565602069,1.0,4.3769642855
697,,0.4417012074983371,0.0,
698,0.0,0.7199996507697932,1.0,0.0
699,,0.4901647508744144,0.0,
700,0.0,0.5373368146029083,1.0,0.0
701,,0.49218327298701686,0.0,
702,0.0,0.6096643690174625,1.0,0.0
703,0.0,0.46483457509201725,0.0,0.0
704,1.0,0.6208389204377073,1.0,7.1075
705,1.0,0.6084577157522056,1.0,2.138571429
706,,0.5496634544401291,1.0,4.3769642855
707,,0.5265151239709909,1.0,4.3769642855
708,,0.23972502374642693,0.0,
709,1.0,0.5847834524134037,1.0,3.965357143
710,,0.5772841035474271,1.0,4.3769642855
711,0.0,0.5936175164893945,1.0,0.0
712,0.0,0.5699119577038299,1.0,0.0
713,0.0,0.5574814841325141,1.0,0.0
714,1.0,0.7871563890689359,1.0,0.214285714
715,,0.6601783524003073,1.0,4.3769642855
716,0.0,0.5908213414017105,1.0,0.0
717,,0.6330585842771211,1.0,4.3769642855
718,0.0,0.6051665033515338,1.0,0.0
719,0.0,0.5723606602587591,1.0,0.0
720,0.0,0.2696511759663025,0.0,0.0
721,1.0,0.7054131320330843,1.0,4.464285714
722,0.0,0.6080189471833455,1.0,0.0
723,0.0,0.7053021206040203,1.0,0.0
724,,0.622777403736649,1.0,4.3769642855
725,0.0,0.5223897626625331,1.0,0.0
726,,0.5973252912351311,1.0,4.3769642855
727,,0.6387750919479124,1.0,4.3769642855
728,,0.5900764337911615,1.0,4.3769642855
729,1.0,0.5163688286929335,1.0,3.502142857
730,1.0,0.6153051172129199,1.0,7.535714286
731,,0.594628085416501,1.0,4.3769642855
732,0.0,0.6319564367804833,1.0,0.0
733,,0.8126854112969016,1.0,4.3769642855
734,1.0,0.6722605334937987,1.0,4.501071429
735,0.0,0.6107930648984169,1.0,0.0
736,0.0,0.5703402730309066,1.0,0.0
737,0.0,0.6124317762507175,1.0,0.0
738,,0.7004053654417786,1.0,4.3769642855
739,1.0,0.512251148801147,1.0,2.138571429
740,0.0,0.5356488972810699,1.0,0.0
741,1.0,0.6329887917326488,1.0,8.934285714
742,0.0,0.6184517437862113,1.0,0.0
743,0.0,0.5703402730309066,1.0,0.0
744,0.0,0.533807220793712,1.0,0.0
745,0.0,0.5605225413598766,1.0,0.0
746,0.0,0.5776319118487065,1.0,0.0
747,0.0,0.5847834524134037,1.0,0.0
748,,0.5222584878010018,1.0,4.3769642855
749,,0.2782898683982857,0.0,
750,,0.5515229943261145,1.0,4.3769642855
751,0.0,0.5863508765563503,1.0,0.0
752,,0.6883881672391162,1.0,4.3769642855
753,0.0,0.5502570612407321,1.0,0.0
754,1.0,0.5641597815114349,1.0,39.27678571
755,0.0,0.5186916064180411,1.0,0.0
756,,0.3912045188975061,0.0,
757,0.0,0.6504083620506779,1.0,0.0
758,0.0,0.6864473893362453,1.0,0.0
759,,0.36913164118167474,0.0,
760,,0.6321548609247254,1.0,4.3769642855
761,0.0,0.6207726965331859,1.0,0.0
762,1.0,0.5780387644351788,1.0,0.214285714
763,0.0,0.5030033954115507,1.0,0.0
764,0.0,0.680358979849878,1.0,0.0
765,,0.5237933124914256,1.0,4.3769642855
766,,0.5307969068495229,1.0,4.3769642855
767,0.0,0.5173050116078559,1.0,0.0
768,,0.4313155075327223,0.0,
769,,0.7517257085768759,1.0,4.3769642855
770,0.0,0.26696688133208296,0.0,0.0
771,0.0,0.5576198737580494,1.0,0.0
772,,0.7312016030106063,1.0,4.3769642855
773,0.0,0.7426297790491886,1.0,0.0
774,0.0,0.6234930847758338,1.0,0.0
775,0.0,0.5653513011930666,1.0,0.0
776,0.0,0.6130229157555174,1.0,0.0
777,0.0,0.6008786909659394,1.0,0.0
778,,0.6035609605899637,1.0,4.3769642855
779,,0.5609316787598031,1.0,4.3769642855
780,,0.5004259410866748,1.0,4.3769642855
781,,0.7280934428511391,1.0,4.3769642855
782,1.0,0.6247961670968966,1.0,2.001071429
783,,0.6013978526499807,1.0,4.3769642855
784,0.0,0.5677372426938444,1.0,0.0
785,,0.55136559730515,1.0,4.3769642855
786,,0.617109495968268,1.0,4.3769642855
787,,0.662134721809212,1.0,4.3769642855
788,,0.6763938048916188,1.0,4.3769642855
789,0.0,0.511395727770994,1.0,0.0
790,0.0,0.533807220793712,1.0,0.0
791,,0.4278328407266554,0.0,
792,0.0,0.6322193146092069,1.0,0.0
793,1.0,0.7003637610164501,1.0,6.892857143
794,,0.46077680022119216,0.0,
795,0.0,0.5755250726528512,1.0,0.0
796,,0.4522396254333698,0.0,
797,,0.6551448115175503,1.0,4.3769642855
798,,0.6736155997590524,1.0,4.3769642855
799,,0.6680920365704068,1.0,4.3769642855
800,0.0,0.5860229975199056,1.0,0.0
801,1.0,0.6451202709564515,1.0,3.928571429
802,0.0,0.6360326609133424,1.0,0.0
803,,0.3150308632901402,0.0,
804,0.0,0.5454613831184207,1.0,0.0
805,0.0,0.3267315784814031,0.0,0.0
806,0.0,0.25304800969914143,0.0,0.0
807,,0.5489783414456002,1.0,4.3769642855
808,0.0,0.7366932289507423,1.0,0.0
809,1.0,0.5418222423237264,1.0,6.964285714
810,0.0,0.6235609605899637,1.0,0.0
811,,0.6013978526499807,1.0,4.3769642855
812,0.0,0.622777403736649,1.0,0.0
813,,0.6978928115739379,1.0,4.3769642855
814,0.0,0.7002221941293628,1.0,0.0
815,0.0,0.5287145022058551,1.0,0.0
816,,0.5842361272711325,1.0,4.3769642855
817,,0.5002584889144902,1.0,4.3769642855
818,,0.5336977093360998,1.0,4.3769642855
819,0.0,0.5479695945953063,1.0,0.0
820,,0.5665985489668067,1.0,4.3769642855
821,0.0,0.615941875898968,1.0,0.0
822,0.0,0.6357661405368344,1.0,0.0
823,0.0,0.6912013136341091,1.0,0.0
824,0.0,0.6601184473793461,1.0,0.0
825,0.0,0.552397101662388,1.0,0.0
826,0.0,0.30766101919512046,0.0,0.0
827,1.0,0.6041438169048149,1.0,7.928571429
828,,0.3454108365544286,0.0,
829,,0.598928044667467,1.0,4.3769642855
830,,0.5622220463973729,1.0,4.3769642855
831,0.0,0.6008389204377073,1.0,0.0
832,,0.577851422003043,1.0,4.3769642855
833,1.0,0.6571890773680623,1.0,4.999285714
834,,0.5320193986729627,1.0,4.3769642855
835,,0.6318248584842653,1.0,4.3769642855
836,1.0,0.6427126405567077,1.0,11.0
837,0.0,0.57841547349133,1.0,0.0
838,0.0,0.5469430661974813,1.0,0.0
839,,0.6146692588211745,1.0,4.3769642855
840,1.0,0.6054871723362485,1.0,3.510714286
841,,0.5767265119669908,1.0,4.3769642855
842,,0.6501988757662622,1.0,4.3769642855
843,0.0,0.553807220793712,1.0,0.0
844,,0.5711234871603343,1.0,4.3769642855
845,0.0,0.6895586749835616,1.0,0.0
846,0.0,0.48116148007854903,0.0,0.0
847,,0.6185123549212942,1.0,4.3769642855
848,0.0,0.6277372426938443,1.0,0.0
849,0.0,0.6107512273717439,1.0,0.0
850,1.0,0.624896405932035,1.0,0.893928571
851,,0.7497425900996254,1.0,4.3769642855
852,,0.5681257874926892,1.0,4.3769642855
853,,0.7196526726507406,1.0,4.3769642855
854,,0.6651751655335707,1.0,4.3769642855
855,0.0,0.48026531498767105,0.0,0.0
856,0.0,0.5482891263932922,1.0,0.0
857,0.0,0.5785944644983417,1.0,0.0
858,0.0,0.5789797536523084,1.0,0.0
859,0.0,0.6831952814081649,1.0,0.0
860,0.0,0.6895586749835616,1.0,0.0
861,,0.6471220417374433,1.0,4.3769642855
862,,0.44392908151958177,0.0,
863,0.0,0.553807220793712,1.0,0.0
864,0.0,0.5677372426938444,1.0,0.0
865,0.0,0.6354613101103029,1.0,0.0
866,,0.628323817916745,1.0,4.3769642855
867,1.0,0.6240485327432623,1.0,3.392857143
868,,0.3608625373900135,0.0,
869,0.0,0.6228175092032457,1.0,0.0
870,,0.6322193146092069,1.0,4.3769642855
871,,0.4613165046505982,0.0,
872,0.0,0.5432688028586793,1.0,0.0
873,1.0,0.5440815862833583,1.0,16.52357143
874,0.0,0.6374840026148676,1.0,0.0
875,0.0,0.5349899420889198,1.0,0.0
876,,0.6760980687963507,1.0,4.3769642855
877,0.0,0.5720438332251504,1.0,0.0
878,,0.5111749829395345,1.0,4.3769642855
879,0.0,0.5704100139602868,1.0,0.0
880,0.0,0.5678051185079744,1.0,0.0
881,0.0,0.6519435453158923,1.0,0.0
882,0.0,0.5749502106250467,1.0,0.0
883,0.0,0.5556257861976346,1.0,0.0
884,0.0,0.6198983043211641,1.0,0.0
885,0.0,0.5737674502654799,1.0,0.0
886,,0.6296399344652747,1.0,4.3769642855
887,,0.5608786909659393,1.0,4.3769642855
888,0.0,0.6601184473793461,1.0,0.0
889,,0.5047666992778872,1.0,4.3769642855
890,1.0,0.725811834604028,1.0,4.25
891,,0.5642361272711326,1.0,4.3769642855
892,0.0,0.2971688942408703,0.0,0.0
893,,0.3369777560025311,0.0,
894,,0.6008786909659394,1.0,4.3769642855
895,1.0,0.7111030458912114,1.0,4.286785714
896,0.0,0.6504083620506779,1.0,0.0
897,,0.6005451107968142,1.0,4.3769642855
898,1.0,0.6005691722484154,1.0,11.53571429
899,,0.5548087128660717,1.0,4.3769642855
900,1.0,0.5392547431592442,1.0,7.392857143
901,0.0,0.4312476317185922,0.0,0.0
902,,0.5168994006996882,1.0,4.3769642855
903,0.0,0.5192630263491931,1.0,0.0
904,0.0,0.6258098917240286,1.0,0.0
905,1.0,0.5852991452469255,1.0,0.892857143
906,0.0,0.6599378199297754,1.0,0.0
907,0.0,0.5400940128271583,1.0,0.0
908,1.0,0.6283009669252945,1.0,26.99821429
909,,0.5933544709144475,1.0,4.3769642855
910,,0.5193676359740693,1.0,4.3769642855
911,0.0,0.4651006525475988,0.0,0.0
912,,0.4860807791368515,0.0,
913,0.0,0.5143662711869511,1.0,0.0
914,1.0,0.3407510513102324,0.0,17.31
915,0.0,0.5387072161337823,1.0,0.0
916,,0.40598356825879073,0.0,
917,0.0,0.6374840026148676,1.0,0.0
918,0.0,0.6248132206312655,1.0,0.0
919,,0.5764365026238728,1.0,4.3769642855
920,0.0,0.5598866972511618,1.0,0.0
921,1.0,0.5772841035474271,1.0,3.8225
922,0.0,0.602777403736649,1.0,0.0
923,,0.5918381694501145,1.0,4.3769642855
924,1.0,0.4304778897744168,0.0,25.04035714
925,,0.5829355195974206,1.0,4.3769642855
926,1.0,0.5834233438464536,1.0,3.392857143
927,1.0,0.6488009541738581,1.0,3.569285714
928,0.0,0.5039047406581137,1.0,0.0
929,,0.6680920365704068,1.0,4.3769642855
930,0.0,0.7184975951311366,1.0,0.0
931,,0.6278225214824598,1.0,4.3769642855
932,0.0,0.6796393378145118,1.0,0.0
933,,0.5904778897744168,1.0,4.3769642855
934,0.0,0.4983191018908195,0.0,0.0
935,0.0,0.5675940115321039,1.0,0.0
936,,0.6736155997590524,1.0,4.3769642855
937,0.0,0.5675940115321039,1.0,0.0
938,1.0,0.6816779007291239,1.0,4.928571429
939,0.0,0.6617989962583196,1.0,0.0
940,,0.3407170174612046,0.0,
941,0.0,0.6344554301458034,1.0,0.0
942,1.0,0.7201831335668796,1.0,36.78571429
943,0.0,0.550793064898417,1.0,0.0
944,0.0,0.6571890773680623,1.0,0.0
945,,0.5724215362145756,1.0,4.3769642855
946,1.0,0.6079857459575451,1.0,0.644285714
947,0.0,0.5477372426938444,1.0,0.0
948,,0.552397101662388,1.0,4.3769642855
949,,0.5136026848016508,1.0,4.3769642855
950,0.0,0.5730225426549311,1.0,0.0
951,,0.6688006647973606,1.0,4.3769642855
952,1.0,0.5422584878010018,1.0,4.285714286
953,0.0,0.6682030479994708,1.0,0.0
954,,0.761602404202129,1.0,4.3769642855
955,0.0,0.542765132183992,1.0,0.0
956,0.0,0.606958167423389,1.0,0.0
957,,0.7039135837042678,1.0,4.3769642855
958,,0.4522396254333698,0.0,
959,,0.6895586749835616,1.0,4.3769642855
960,0.0,0.610468973185761,1.0,0.0
961,1.0,0.5496750615101315,1.0,12.85892857
962,0.0,0.6853021206040204,1.0,0.0
963,1.0,0.642134721809212,1.0,0.893928571
964,1.0,0.53909086884519,1.0,3.751071429
965,,0.5703402730309066,1.0,4.3769642855
966,1.0,0.662777403736649,1.0,203.7907143
967,,0.5666262391638726,1.0,4.3769642855
968,,0.5209316787598031,1.0,4.3769642855
969,1.0,0.573259895651441,1.0,4.501071429
970,0.0,0.693209187881838,1.0,0.0
971,0.0,0.5898626888180156,1.0,0.0
972,,0.7286577230121174,1.0,4.3769642855
973,0.0,0.6276093957189496,1.0,0.0
974,,0.6592791777114319,1.0,4.3769642855
975,,0.5828160529794149,1.0,4.3769642855
976,,0.6704566954000575,1.0,4.3769642855
977,0.0,0.6223765873851472,1.0,0.0
978,,0.7510080138253934,1.0,4.3769642855
979,0.0,0.7090999779356193,1.0,0.0
980,1.0,0.5675940115321039,1.0,7.678571429
981,0.0,0.6146692588211745,1.0,0.0
982,1.0,0.6684347137857296,1.0,6.785714286
983,,0.7214217767525584,1.0,4.3769642855
984,0.0,0.5612523477445177,1.0,0.0
985,0.0,0.5324215362145757,1.0,0.0
986,,0.5009014483031325,1.0,4.3769642855
987,,0.5704100139602868,1.0,4.3769642855
988,0.0,0.5884577157522056,1.0,0.0
989,0.0,0.5297329821638679,1.0,0.0
990,0.0,0.7026138313740461,1.0,0.0
991,,0.533807220793712,1.0,4.3769642855
992,0.0,0.5118626040023022,1.0,0.0
993,0.0,0.5766923979277473,1.0,0.0
994,,0.6108838692671357,1.0,4.3769642855
995,0.0,0.6185123549212942,1.0,0.0
996,,0.6497313302542591,1.0,4.3769642855
997,0.0,0.7654420583753466,1.0,0.0
998,0.0,0.4497480833897756,0.0,0.0
999,,0.5126339978560863,1.0,4.3769642855
1000,0.0,0.6499119577038297,1.0,0.0
1001,1.0,0.6265070694537332,1.0,10.10571429
1002,,0.598928044667467,1.0,4.3769642855
1003,0.0,0.6124317762507175,1.0,0.0
1004,,0.6454281818926204,1.0,4.3769642855
1005,0.0,0.5700687523744903,1.0,0.0
1006,0.0,0.271086129431253,0.0,0.0
1007,,0.49724450423659056,0.0,
1008,,0.6914720735306916,1.0,4.3769642855
1009,,0.5431611565163172,1.0,4.3769642855
1010,,0.5939036498495182,1.0,4.3769642855
1011,0.0,0.5954695933002516,1.0,0.0
1012,0.0,0.36677917641637736,0.0,0.0
1013,,0.6685183268872886,1.0,4.3769642855
1014,1.0,0.5378514220030429,1.0,5.392857143
1015,0.0,0.6552815972380653,1.0,0.0
1016,0.0,0.5675940115321039,1.0,0.0
1017,0.0,0.6712024494598413,1.0,0.0
1018,0.0,0.5723606602587591,1.0,0.0
1019,0.0,0.6311137338831316,1.0,0.0
1020,0.0,0.6680920365704068,1.0,0.0
1021,,0.6895586749835616,1.0,4.3769642855
1022,0.0,0.4667355794040892,0.0,0.0
1023,0.0,0.5808786909659394,1.0,0.0
1024,,0.6299119577038298,1.0,4.3769642855
1025,0.0,0.6155308378340417,1.0,0.0
1026,,0.6329887917326488,1.0,4.3769642855
1027,1.0,0.5698626888180156,1.0,0.892857143
1028,,0.5953051172129199,1.0,4.3769642855
1029,1.0,0.3870549695797816,0.0,9.785714286
1030,1.0,0.6075330952694193,1.0,7.821428571
1031,,0.4896634544401291,0.0,
1032,0.0,0.6501988757662622,1.0,0.0
1033,0.0,0.6399378199297754,1.0,0.0
1034,0.0,0.5648345750920173,1.0,0.0
1035,0.0,0.6668508495218833,1.0,0.0
1036,0.0,0.7095373918388392,1.0,0.0
1037,,0.5585944644983417,1.0,4.3769642855
1038,0.0,0.6571890773680623,1.0,0.0
1039,,0.2916498078189538,0.0,
1040,1.0,0.6660115798539691,1.0,5.428571429
1041,1.0,0.5059909367016554,1.0,3.392857143
1042,1.0,0.6111137338831316,1.0,14.5
1043,1.0,0.6139617617814862,1.0,2.857142857
1044,0.0,0.6441368031830781,1.0,0.0
1045,0.0,0.6257356755999491,1.0,0.0
1046,0.0,0.6124317762507175,1.0,0.0
1047,,0.6794587103649412,1.0,4.3769642855
1048,0.0,0.5699119577038299,1.0,0.0
1049,,0.622777403736649,1.0,4.3769642855
1050,,0.5313993914143543,1.0,4.3769642855
1051,,0.1785075819744569,0.0,
1052,1.0,0.33456408249078323,0.0,4.286785714
1053,0.0,0.5860944632032872,1.0,0.0
1054,,0.5808786909659394,1.0,4.3769642855
1055,0.0,0.5933544709144476,1.0,0.0
1056,0.0,0.6468343285121398,1.0,0.0
1057,,0.73240734169853,1.0,4.3769642855
1058,0.0,0.6717720392363128,1.0,0.0
1059,0.0,0.6282983248039202,1.0,0.0
1060,1.0,0.5228404875316025,1.0,8.071428571
1061,0.0,0.5212655838551754,1.0,0.0
1062,0.0,0.829895495330515,1.0,0.0
1063,,0.5488357918422173,1.0,4.3769642855
1064,,0.4810263057252835,0.0,
1065,0.0,0.630564554948061,1.0,0.0
1066,0.0,0.5212655838551754,1.0,0.0
1067,0.0,0.5758124586213176,1.0,0.0
1068,0.0,0.47342234672857764,0.0,0.0
1069,,0.670564554948061,1.0,4.3769642855
1070,0.0,0.5475940115321039,1.0,0.0
1071,,0.5470260432375191,1.0,4.3769642855
1072,,0.6762554658173152,1.0,4.3769642855
1073,,0.3435073065281775,0.0,
1074,,0.5525830770606635,1.0,4.3769642855
1075,0.0,0.6059871141048938,1.0,0.0
1076,,0.7129716218595084,1.0,4.3769642855
1077,,0.662968268366694,1.0,4.3769642855
1078,0.0,0.5572841035474271,1.0,0.0
1079,0.0,0.5502570612407321,1.0,0.0
1080,,0.6853021206040204,1.0,4.3769642855
1081,0.0,0.5641597815114349,1.0,0.0
1082,,0.5469581674233891,1.0,4.3769642855
1083,0.0,0.5251796786289197,1.0,0.0
1084,0.0,0.5478051185079744,1.0,0.0
1085,0.0,0.2865306358548076,0.0,0.0
1086,,0.5477372426938444,1.0,4.3769642855
1087,1.0,0.34109813168299064,0.0,4.357142857
1088,,0.5834930847758336,1.0,4.3769642855
1089,,0.5945206939937597,1.0,4.3769642855
1090,,0.5868902916092589,1.0,4.3769642855
1091,0.0,0.5372445042365905,1.0,0.0
1092,,0.3894768384092967,0.0,
1093,,0.5484413357172756,1.0,4.3769642855
1094,1.0,0.6735583936926747,1.0,5.138571429
1095,,0.5203432289547523,1.0,4.3769642855
1096,,0.5498395375974633,1.0,4.3769642855
1097,,0.6081701435017156,1.0,4.3769642855
1098,,0.4673428702711279,0.0,
1099,0.0,0.4900764337911616,0.0,0.0
1100,0.0,0.6005904171740066,1.0,0.0
1101,,0.6082558433770439,1.0,4.3769642855
1102,,0.5432251903793414,1.0,4.3769642855
1103,1.0,0.47619716146905644,0.0,6.464285714
1104,0.0,0.3325292211156864,0.0,0.0
1105,,0.57841547349133,1.0,4.3769642855
1106,0.0,0.6103404862365479,1.0,0.0
1107,,0.7569508141405035,1.0,4.3769642855
1108,1.0,0.5800704618251671,1.0,5.785714286
1109,0.0,0.6329887917326488,1.0,0.0
1110,,0.5613181565602069,1.0,4.3769642855
1111,0.0,0.671045120736726,1.0,0.0
1112,,0.7635292600460392,1.0,4.3769642855
1113,0.0,0.586958167423389,1.0,0.0
1114,,0.6103404862365479,1.0,4.3769642855
1115,0.0,0.655082238172207,1.0,0.0
1116,0.0,0.5094497094669833,1.0,0.0
1117,0.0,0.5805618639323306,1.0,0.0
1118,0.0,0.4981236381234564,0.0,0.0
1119,,0.5503402730309066,1.0,4.3769642855
1120,,0.4896634544401291,0.0,
1121,0.0,0.5198699441156454,1.0,0.0
1122,,0.5904778897744168,1.0,4.3769642855
1123,,0.5777068361756623,1.0,4.3769642855
1124,,0.6028160529794149,1.0,4.3769642855
1125,0.0,0.5771646570989053,1.0,0.0
1126,,0.654263625939637,1.0,4.3769642855
1127,,0.5497313302542591,1.0,4.3769642855
1128,0.0,0.5314720735306916,1.0,0.0
1129,,0.5711381684353193,1.0,4.3769642855
1130,0.0,0.3279771963897605,0.0,0.0
1131,0.0,0.5779192978171729,1.0,0.0
1132,,0.4428321398470087,0.0,
1133,,0.554418280658816,1.0,4.3769642855
1134,,0.553807220793712,1.0,4.3769642855
1135,0.0,0.7199752162176053,1.0,0.0
1136,,0.5779192978171729,1.0,4.3769642855
1137,0.0,0.5389797536523083,1.0,0.0
1138,,0.6484577157522057,1.0,4.3769642855
1139,,0.40615388855825907,0.0,
1140,0.0,0.570793064898417,1.0,0.0
1141,1.0,0.7053021206040203,1.0,4.035714286
1142,0.0,0.7501443096052915,1.0,0.0
1143,0.0,0.542765132183992,1.0,0.0
1144,1.0,0.5015738327507454,1.0,4.357142857
1145,,0.5315925065828034,1.0,4.3769642855
1146,,0.6090726880359156,1.0,4.3769642855
1147,,0.5563518736742263,1.0,4.3769642855
1148,,0.5192547431592441,1.0,4.3769642855
1149,1.0,0.3513746051063766,0.0,2.001071429
1150,,0.6108838692671357,1.0,4.3769642855
1151,1.0,0.5619040152401827,1.0,9.25
1152,0.0,0.5202546469633842,1.0,0.0
1153,,0.5417300256481283,1.0,4.3769642855
1154,1.0,0.5414541213941084,1.0,12.51892857
1155,1.0,0.5622584878010017,1.0,0.214285714
1156,,0.6133544709144476,1.0,4.3769642855
1157,0.0,0.5996670600331928,1.0,0.0
1158,0.0,0.7565250215903165,1.0,0.0
1159,1.0,0.7306083693105898,1.0,0.893928571
1160,1.0,0.5703402730309066,1.0,0.857142857
1161,0.0,0.7231407152471943,1.0,0.0
1162,,0.5640422637109043,1.0,4.3769642855
1163,1.0,0.5727984739434181,1.0,7.642857143
1164,0.0,0.42032989054936176,0.0,0.0
1165,1.0,0.5602714000989006,1.0,3.821428571
1166,0.0,0.5212655838551754,1.0,0.0
1167,1.0,0.7386318607861717,1.0,2.142857143
1168,0.0,0.6698205619148453,1.0,0.0
1169,1.0,0.4848345750920173,0.0,5.170357143
1170,1.0,0.7673673553745474,1.0,0.893928571
1171,0.0,0.5564894904177364,1.0,0.0
1172,,0.6273308738338015,1.0,4.3769642855
1173,,0.5504708899161033,1.0,4.3769642855
1174,,0.35250560194969316,0.0,
1175,1.0,0.5758124586213176,1.0,5.179642857
1176,,0.5752216922171042,1.0,4.3769642855
1177,0.0,0.5511137338831316,1.0,0.0
1178,1.0,0.704060391908999,1.0,3.071428571
1179,0.0,0.2786086975731361,0.0,0.0
1180,0.0,0.4673428702711279,0.0,0.0
1181,,0.5386478253927919,1.0,4.3769642855
1182,0.0,0.4122396254333698,0.0,0.0
1183,,0.65240734169853,1.0,4.3769642855
1184,0.0,0.5507969068495229,1.0,0.0
1185,,0.2763051900207685,0.0,
1186,,0.5152900159870123,1.0,4.3769642855
1187,,0.6008786909659394,1.0,4.3769642855
1188,0.0,0.6291852594526283,1.0,0.0
1189,0.0,0.713417802436341,1.0,0.0
1190,0.0,0.6475810497964614,1.0,0.0
1191,1.0,0.6020820554134608,1.0,0.214285714
1192,,0.5883227593561079,1.0,4.3769642855
1193,0.0,0.5973252912351311,1.0,0.0
1194,,0.5777312707278499,1.0,4.3769642855
1195,0.0,0.5503402730309066,1.0,0.0
1196,0.0,0.6468343285121398,1.0,0.0
1197,0.0,0.6831952814081649,1.0,0.0
1198,0.0,0.5711234871603343,1.0,0.0
1199,1.0,0.3731810027214598,0.0,5.892857143
1200,,0.6130901290925637,1.0,4.3769642855
1201,,0.5925847289702721,1.0,4.3769642855
1202,0.0,0.5647157784824643,1.0,0.0
1203,0.0,0.662777403736649,1.0,0.0
1204,,0.5711137338831316,1.0,4.3769642855
1205,1.0,0.5984835779781512,1.0,12.76535714
1206,0.0,0.5890726880359156,1.0,0.0
1207,,0.4373515817925885,0.0,
1208,0.0,0.5475940115321039,1.0,0.0
1209,0.0,0.6115925065828034,1.0,0.0
1210,,0.6185572606268025,1.0,4.3769642855
1211,,0.5605904171740066,1.0,4.3769642855
1212,0.0,0.5641597815114349,1.0,0.0
1213,1.0,0.588057911678559,1.0,2.392857143
1214,1.0,0.5252399841169941,1.0,1.785714286
1215,0.0,0.5715683007033069,1.0,0.0
1216,0.0,0.5808786909659394,1.0,0.0
1217,0.0,0.6131977220875363,1.0,0.0
1218,,0.7754670058542084,1.0,4.3769642855
1219,0.0,0.6013862455799783,1.0,0.0
1220,0.0,0.5893934982000149,1.0,0.0
1221,0.0,0.6084577157522056,1.0,0.0
1222,,0.5620614122611471,1.0,4.3769642855
1223,0.0,0.5904100139602868,1.0,0.0
1224,1.0,0.6283238179167451,1.0,0.214285714
1225,,0.5405753159480989,1.0,4.3769642855
1226,,0.5333108164468637,1.0,4.3769642855
1227,,0.7086577230121174,1.0,4.3769642855
1228,,0.5556898200606588,1.0,4.3769642855
1229,,0.5869430661974814,1.0,4.3769642855
1230,0.0,0.3359454542629514,0.0,0.0
1231,0.0,0.7319435453158922,1.0,0.0
1232,1.0,0.5808786909659394,1.0,6.035714286
1233,0.0,0.5326339978560862,1.0,0.0
1234,,0.3295773159545909,0.0,
1235,0.0,0.6938544438799803,1.0,0.0
1236,0.0,0.6582985262459232,1.0,0.0
1237,,0.6686586377592014,1.0,4.3769642855
1238,0.0,0.5956898200606588,1.0,0.0
1239,0.0,0.5708213414017105,1.0,0.0
1240,,0.5939617617814862,1.0,4.3769642855
1241,,0.5496750615101315,1.0,4.3769642855
1242,,0.5269150546023029,1.0,4.3769642855
1243,,0.3175668331992668,0.0,
1244,,0.662777403736649,1.0,4.3769642855
1245,0.0,0.5649228921752701,1.0,0.0
1246,1.0,0.5953608300275194,1.0,4.464285714
1247,0.0,0.5865074425543196,1.0,0.0
1248,,0.4841597815114349,0.0,
1249,,0.645667799785819,1.0,4.3769642855
1250,,0.6108838692671357,1.0,4.3769642855
1251,,0.5690726880359156,1.0,4.3769642855
1252,,0.686993138739764,1.0,4.3769642855
1253,1.0,0.6393393721088907,1.0,6.0
1254,0.0,0.5613181565602069,1.0,0.0
1255,1.0,0.6059871141048938,1.0,4.714285714
1256,0.0,0.4706324307621911,0.0,0.0
1257,,0.5802714000989007,1.0,4.3769642855
1258,0.0,0.7233724230510306,1.0,0.0
1259,0.0,0.28122474329263913,0.0,0.0
1260,,0.7307560922624051,1.0,4.3769642855
1261,0.0,0.5386642054277219,1.0,0.0
1262,,0.6355342710634793,1.0,4.3769642855
1263,,0.2774540815638263,0.0,
1264,0.0,0.5857356755999491,1.0,0.0
1265,0.0,0.5247666992778872,1.0,0.0
1266,1.0,0.5100239876437955,1.0,8.607142857
1267,1.0,0.7472111624771646,1.0,2.858214286
1268,0.0,0.6468343285121398,1.0,0.0
1269,0.0,0.6895586749835616,1.0,0.0
1270,,0.6017796934886154,1.0,4.3769642855
1271,,0.642968268366694,1.0,4.3769642855
1272,0.0,0.5029525174715682,1.0,0.0
1273,1.0,0.5903402730309066,1.0,5.785714286
1274,0.0,0.5619935364470171,1.0,0.0
1275,0.0,0.6280920365704069,1.0,0.0
1276,0.0,0.6128100810134204,1.0,0.0
1277,1.0,0.6772322435365379,1.0,2.857142857
1278,,0.7103098871953262,1.0,4.3769642855
1279,0.0,0.5634233438464535,1.0,0.0
1280,,0.5773285314129595,1.0,4.3769642855
1281,,0.5971646570989053,1.0,4.3769642855
1282,0.0,0.5048813047061274,1.0,0.0
1283,0.0,0.5613165046505982,1.0,0.0
1284,0.0,0.5524317762507176,1.0,0.0
1285,0.0,0.582222046397373,1.0,0.0
1286,0.0,0.4908478276449456,0.0,0.0
1287,1.0,0.4662132598128402,0.0,1.964285714
1288,,0.6754670058542084,1.0,4.3769642855
1289,,0.6505654695253942,1.0,4.3769642855
1290,0.0,0.5143579879970023,1.0,0.0
1291,0.0,0.6047199488744266,1.0,0.0
1292,0.0,0.6676863218984215,1.0,0.0
1293,1.0,0.7310209755610358,1.0,89.76107143
1294,0.0,0.5798699441156453,1.0,0.0
1295,,0.4512325304926846,0.0,
1296,,0.608323817916745,1.0,4.3769642855
1297,,0.5469430661974813,1.0,4.3769642855
1298,0.0,0.5777068361756623,1.0,0.0
1299,0.0,0.542765132183992,1.0,0.0
1300,,0.34073057716162736,0.0,
1301,0.0,0.5412655838551754,1.0,0.0
1302,1.0,0.7532631245584637,1.0,0.428571429
1303,1.0,0.5924285360728893,1.0,6.0
1304,,0.5660944632032873,1.0,4.3769642855
1305,0.0,0.5244515241538872,1.0,0.0
1306,1.0,0.5130469772071187,1.0,0.893928571
1307,0.0,0.35556764034577365,0.0,0.0
1308,0.0,0.6880920365704069,1.0,0.0
1309,1.0,0.3817617222314634,0.0,2.392857143
1310,,0.5998983043211641,1.0,4.3769642855
1311,0.0,0.606958167423389,1.0,0.0
1312,0.0,0.5703402730309066,1.0,0.0
1313,,0.5212655838551754,1.0,4.3769642855
1314,,0.5315927352554946,1.0,4.3769642855
1315,0.0,0.553807220793712,1.0,0.0
1316,0.0,0.7151684150467429,1.0,0.0
1317,0.0,0.559871596025254,1.0,0.0
1318,0.0,0.5135187183290881,1.0,0.0
1319,,0.542765132183992,1.0,4.3769642855
1320,,0.5649228921752701,1.0,4.3769642855
1321,,0.552397101662388,1.0,4.3769642855
1322,1.0,0.5327231185958076,1.0,14.28571429
1323,0.0,0.5571479039633889,1.0,0.0
1324,,0.5186478253927919,1.0,4.3769642855
1325,0.0,0.647415562001839,1.0,0.0
1326,,0.5813165046505983,1.0,4.3769642855
1327,0.0,0.6617989962583196,1.0,0.0
1328,0.0,0.5608786909659393,1.0,0.0
1329,0.0,0.5220182994400611,1.0,0.0
1330,1.0,0.7310080138253935,1.0,4.357142857
1331,,0.6325511337836786,1.0,4.3769642855
1332,,0.29920642306322753,0.0,
1333,0.0,0.5432688028586793,1.0,0.0
1334,0.0,0.6685301942772753,1.0,0.0
1335,1.0,0.6008786909659394,1.0,407.9625
1336,,0.5828160529794149,1.0,4.3769642855
1337,0.0,0.5828843018941313,1.0,0.0
1338,0.0,0.6344554301458034,1.0,0.0
1339,,0.5774814841325141,1.0,4.3769642855
1340,0.0,0.6050075211249166,1.0,0.0
1341,,0.5749731889534035,1.0,4.3769642855
1342,0.0,0.5813181565602069,1.0,0.0
1343,,0.5579209497267817,1.0,4.3769642855
1344,1.0,0.606958167423389,1.0,2.857142857
1345,0.0,0.5153543653093835,1.0,0.0
1346,1.0,0.5501959004091674,1.0,0.214285714
1347,0.0,0.5854871723362485,1.0,0.0
1348,1.0,0.6614093566634136,1.0,1.428571429
1349,,0.597284103547427,1.0,4.3769642855
1350,0.0,0.5602714000989006,1.0,0.0
1351,0.0,0.561294730445823,1.0,0.0
1352,0.0,0.5403322760547171,1.0,0.0
1353,0.0,0.5531420092729369,1.0,0.0
1354,,0.5826382659262338,1.0,4.3769642855
1355,1.0,0.3526998352325317,0.0,3.392857143
1356,,0.5196574824741347,1.0,4.3769642855
1357,,0.33351871832908814,0.0,
1358,,0.762613831374046,1.0,4.3769642855
1359,,0.7207691682375215,1.0,4.3769642855
1360,,0.5827277358961619,1.0,4.3769642855
1361,0.0,0.6831952814081649,1.0,0.0
1362,1.0,0.5421819864926435,1.0,2.857142857
1363,,0.5769238352518758,1.0,4.3769642855
1364,1.0,0.4990693345431014,0.0,14.28571429
1365,,0.6466468823161863,1.0,4.3769642855
1366,,0.586890291609259,1.0,4.3769642855
1367,1.0,0.601977156412087,1.0,5.177142857
1368,1.0,0.5881219455415833,1.0,3.714285714
1369,1.0,0.4251681552611425,0.0,2.466785714
1370,,0.47040836205067804,0.0,
1371,0.0,0.6453021206040204,1.0,0.0
1372,0.0,0.7810073848877471,1.0,0.0
1373,,0.5650075211249167,1.0,4.3769642855
1374,,0.3471511628325039,0.0,
1375,0.0,0.5799996507697931,1.0,0.0
1376,0.0,0.5820128249336907,1.0,0.0
1377,,0.6118381694501145,1.0,4.3769642855
1378,0.0,0.5632251903793414,1.0,0.0
1379,0.0,0.5808786909659394,1.0,0.0
1380,,0.6512354687190616,1.0,4.3769642855
1381,0.0,0.5330469772071187,1.0,0.0
1382,0.0,0.5715032140486602,1.0,0.0
1383,1.0,0.734897833605793,1.0,4.642857143
1384,1.0,0.46292223982845904,0.0,4.607142857
1385,,0.64193003290804,1.0,4.3769642855
1386,0.0,0.829895495330515,1.0,0.0
1387,0.0,0.6227895667361796,1.0,0.0
1388,0.0,0.7743953842848323,1.0,0.0
1389,,0.5785001024409765,1.0,4.3769642855
1390,,0.6691536293495056,1.0,4.3769642855
1391,0.0,0.5750578179030499,1.0,0.0
1392,0.0,0.7573558213126629,1.0,0.0
1393,,0.5476182328786501,1.0,4.3769642855
1394,0.0,0.5704100139602868,1.0,0.0
1395,,0.5582605594029694,1.0,4.3769642855
1396,1.0,0.7138544438799805,1.0,0.214285714
1397,0.0,0.43272050819149394,0.0,0.0
1398,,0.332029858181985,0.0,
1399,1.0,0.2236762883489971,0.0,5.142857143
1400,0.0,0.564886165895893,1.0,0.0
1401,0.0,0.7196526726507406,1.0,0.0
1402,0.0,0.5579437323693606,1.0,0.0
1403,0.0,0.712132352191594,1.0,0.0
1404,1.0,0.5868470522305074,1.0,1.786785714
1405,,0.6008389204377074,1.0,4.3769642855
1406,1.0,0.5488357918422173,1.0,3.431428571
1407,,0.5786642054277218,1.0,4.3769642855
1408,1.0,0.694586389754887,1.0,5.357142857
1409,0.0,0.6227895667361796,1.0,0.0
1410,,0.7903979446514756,1.0,4.3769642855
1411,0.0,0.576991711066006,1.0,0.0
1412,0.0,0.4304778897744168,0.0,0.0
1413,1.0,0.6731570788888042,1.0,6.964285714
1414,,0.6756053449285119,1.0,4.3769642855
1415,1.0,0.6737226855347852,1.0,0.321428571
1416,,0.5622220463973729,1.0,4.3769642855
1417,1.0,0.7831019525309457,1.0,14.82142857
1418,0.0,0.5802714000989007,1.0,0.0
1419,,0.7451043232813092,1.0,4.3769642855
1420,,0.542765132183992,1.0,4.3769642855
1421,,0.5390229930310599,1.0,4.3769642855
1422,,0.7352734166689953,1.0,4.3769642855
1423,0.0,0.5527969057360346,1.0,0.0
1424,,0.49906562127385995,0.0,
1425,1.0,0.49869160641804106,0.0,6.285714286
1426,,0.5478051185079744,1.0,4.3769642855
1427,0.0,0.6738231630800794,1.0,0.0
1428,0.0,0.6831952814081649,1.0,0.0
1429,0.0,0.193610826812215,0.0,0.0
1430,,0.517839823780074,1.0,4.3769642855
1431,0.0,0.5620446591256307,1.0,0.0
1432,0.0,0.5398715960252541,1.0,0.0
1433,,0.5478051185079744,1.0,4.3769642855
1434,0.0,0.6432966187680799,1.0,0.0
1435,,0.5133638042407275,1.0,4.3769642855
1436,1.0,0.6271737661893345,1.0,6.285714286
1437,0.0,0.5589797536523083,1.0,0.0
1438,0.0,0.5730225426549311,1.0,0.0
1439,0.0,0.5620614122611471,1.0,0.0
1440,,0.5704100139602868,1.0,4.3769642855
1441,,0.6303839274984904,1.0,4.3769642855
1442,0.0,0.31681868541088953,0.0,0.0
1443,,0.5572841035474271,1.0,4.3769642855
1444,,0.5777312707278499,1.0,4.3769642855
1445,,0.8455011894892337,1.0,4.3769642855
1446,,0.6853021206040204,1.0,4.3769642855
1447,,0.5857356755999492,1.0,4.3769642855
1448,,0.6736155997590524,1.0,4.3769642855
1449,,0.6658642300027401,1.0,4.3769642855
1450,0.0,0.5382605594029694,1.0,0.0
1451,0.0,0.6457479471526062,1.0,0.0
1452,0.0,0.6108838692671357,1.0,0.0
1453,0.0,0.5639876240074319,1.0,0.0
1454,0.0,0.3549229581029586,0.0,0.0
1455,,0.5504100139602868,1.0,4.3769642855
1456,1.0,0.34395351607176944,0.0,3.607142857
1457,,0.6744554301458036,1.0,4.3769642855
1458,,0.5394652477848109,1.0,4.3769642855
1459,0.0,0.5605225413598766,1.0,0.0
1460,,0.5842361272711325,1.0,4.3769642855
1461,1.0,0.5681257874926892,1.0,4.285714286
1462,0.0,0.5598866972511618,1.0,0.0
1463,0.0,0.5911234871603344,1.0,0.0
1464,0.0,0.5842361272711326,1.0,0.0
1465,,0.6108838692671357,1.0,4.3769642855
1466,,0.5654871723362485,1.0,4.3769642855
1467,0.0,0.6201783524003074,1.0,0.0
1468,,0.6283009669252945,1.0,4.3769642855
1469,1.0,0.7954296095663781,1.0,0.214285714
1470,0.0,0.4792267315640658,0.0,0.0
1471,1.0,0.5884577157522056,1.0,2.108214286
1472,0.0,0.5808786909659394,1.0,0.0
1473,0.0,0.5136026848016508,1.0,0.0
1474,,0.704060391908999,1.0,4.3769642855
1475,,0.6354613101103029,1.0,4.3769642855
1476,0.0,0.48595107248270375,0.0,0.0
1477,0.0,0.6713201102436619,1.0,0.0
1478,,0.5184388132474564,1.0,4.3769642855
1479,1.0,0.570751227371744,1.0,5.142857143
1480,,0.5608786909659393,1.0,4.3769642855
1481,0.0,0.6003322760547171,1.0,0.0
1482,,0.5574814841325141,1.0,4.3769642855
1483,0.0,0.6153051172129199,1.0,0.0
1484,0.0,0.3065062013026199,0.0,0.0
1485,,0.7199996507697932,1.0,4.3769642855
1486,0.0,0.5390229930310599,1.0,0.0
1487,,0.765208791726801,1.0,4.3769642855
1488,0.0,0.3119219302486476,0.0,0.0
1489,,0.5727018736702163,1.0,4.3769642855
1490,0.0,0.4103005025026746,0.0,0.0
1491,,0.6284577157522055,1.0,4.3769642855
1492,0.0,0.5323394658843998,1.0,0.0
1493,,0.6083896267324342,1.0,4.3769642855
1494,,0.48170120749833706,0.0,
1495,0.0,0.7657356755999493,1.0,0.0
1496,0.0,0.533807220793712,1.0,0.0
1497,,0.42880317810666374,0.0,
1498,,0.5911465982437697,1.0,4.3769642855
1499,0.0,0.370578574817214,0.0,0.0
1500,1.0,0.6895586749835616,1.0,2.352857143
1501,,0.5829355195974206,1.0,4.3769642855
1502,0.0,0.48884241859994454,0.0,0.0
1503,,0.4913155075327223,0.0,
1504,,0.6087207613271527,1.0,4.3769642855
1505,1.0,0.5715436374784281,1.0,0.214285714
1506,0.0,0.6193393721088907,1.0,0.0
1507,,0.7412274652365523,1.0,4.3769642855
1508,,0.687985745957545,1.0,4.3769642855
1509,,0.6282983248039202,1.0,4.3769642855
1510,,0.18399966209808902,0.0,
1511,,0.21312891018827082,0.0,
1512,,0.527130324927392,1.0,4.3769642855
1513,0.0,0.46862481851436216,0.0,0.0
1514,0.0,0.5054965056625285,1.0,0.0
1515,0.0,0.6078060332550586,1.0,0.0
1516,,0.5432688028586793,1.0,4.3769642855
1517,0.0,0.5660944632032873,1.0,0.0
1518,,0.6468343285121398,1.0,4.3769642855
1519,1.0,0.605443731074306,1.0,0.428571429
1520,,0.6626382659262339,1.0,4.3769642855
1521,,0.5504708899161033,1.0,4.3769642855
1522,1.0,0.49568575192240233,0.0,11.17678571
1523,0.0,0.5998983043211641,1.0,0.0
1524,0.0,0.6235609605899637,1.0,0.0
1525,,0.7495214272322193,1.0,4.3769642855
1526,,0.6144554301458034,1.0,4.3769642855
1527,0.0,0.5883898399380755,1.0,0.0
1528,0.0,0.6680920365704068,1.0,0.0
1529,0.0,0.7645774394081609,1.0,0.0
1530,,0.5926774391180287,1.0,4.3769642855
1531,0.0,0.29183509827599463,0.0,0.0
1532,0.0,0.5101610627408081,1.0,0.0
1533,0.0,0.5549731889534035,1.0,0.0
1534,1.0,0.7412274652365523,1.0,2.607142857
1535,0.0,0.6027233428316583,1.0,0.0
1536,0.0,0.5660944632032873,1.0,0.0
1537,0.0,0.605828433922045,1.0,0.0
1538,1.0,0.5931849670512154,1.0,1.714285714
1539,0.0,0.6497787553323664,1.0,0.0
1540,,0.5897931610942768,1.0,4.3769642855
1541,,0.6519435453158923,1.0,4.3769642855
1542,0.0,0.6749222681579806,1.0,0.0
1543,,0.4965165516447489,0.0,
1544,,0.6895586749835616,1.0,4.3769642855
1545,1.0,0.7740037905296497,1.0,21.20714286
1546,,0.6402930435179485,1.0,4.3769642855
1547,0.0,0.7053021206040203,1.0,0.0
1548,0.0,0.573807220793712,1.0,0.0
1549,1.0,0.6828217487233204,1.0,2.679285714
1550,,0.5939617617814863,1.0,4.3769642855
1551,,0.26968301015824253,0.0,
1552,0.0,0.5729716218595082,1.0,0.0
1553,,0.5640422637109043,1.0,4.3769642855
1554,1.0,0.6234047676925808,1.0,2.138571429
1555,0.0,0.6051665033515338,1.0,0.0
1556,0.0,0.5600940128271583,1.0,0.0
1557,0.0,0.6118248584842653,1.0,0.0
1558,0.0,0.590408362050678,1.0,0.0
1559,,0.6206148517261942,1.0,4.3769642855
1560,0.0,0.530548174913131,1.0,0.0
1561,0.0,0.6598994119346545,1.0,0.0
1562,,0.6704083620506779,1.0,4.3769642855
1563,0.0,0.566958167423389,1.0,0.0
1564,0.0,0.5352900159870122,1.0,0.0
1565,0.0,0.5364894904177365,1.0,0.0
1566,,0.5544426169466488,1.0,4.3769642855
1567,0.0,0.662777403736649,1.0,0.0
1568,1.0,0.6033368918784507,1.0,3.071428571
1569,,0.6166298447569363,1.0,4.3769642855
1570,0.0,0.23459591668272325,0.0,0.0
1571,1.0,0.622777403736649,1.0,4.571428571
1572,0.0,0.5033616548714948,1.0,0.0
1573,1.0,0.4148328580417619,0.0,5.142857143
1574,0.0,0.6427126405567077,1.0,0.0
1575,0.0,0.5774814841325141,1.0,0.0
1576,0.0,0.5634233438464535,1.0,0.0
1577,0.0,0.5269095800959326,1.0,0.0
1578,,0.533807220793712,1.0,4.3769642855
1579,0.0,0.7021289986987799,1.0,0.0
1580,0.0,0.5833724230510308,1.0,0.0
1581,0.0,0.5446221134505067,1.0,0.0
1582,0.0,0.31796474862226065,0.0,0.0
1583,0.0,0.6084577157522056,1.0,0.0
1584,0.0,0.32568274163388183,0.0,0.0
1585,0.0,0.5721832729870169,1.0,0.0
1586,,0.23357545884640152,0.0,
1587,,0.6034930847758337,1.0,4.3769642855
1588,,0.5933544709144475,1.0,4.3769642855
1589,,0.5755250726528512,1.0,4.3769642855
1590,0.0,0.5808786909659394,1.0,0.0
1591,0.0,0.5400940128271583,1.0,0.0
1592,0.0,0.6329887917326488,1.0,0.0
1593,0.0,0.6139679991718894,1.0,0.0
1594,,0.630564554948061,1.0,4.3769642855
1595,0.0,0.5447157784824644,1.0,0.0
1596,0.0,0.7103249370548622,1.0,0.0
1597,,0.5309157034590757,1.0,4.3769642855
1598,,0.6468987766823986,1.0,4.3769642855
1599,,0.5614192181330876,1.0,4.3769642855
1600,1.0,0.6265424138706944,1.0,3.928571429
1601,0.0,0.5279381647008402,1.0,0.0
1602,0.0,0.6895586749835616,1.0,0.0
1603,,0.5832251903793414,1.0,4.3769642855
1604,,0.44868622570256156,0.0,
1605,0.0,0.5799545730652919,1.0,0.0
1606,,0.5344426169466487,1.0,4.3769642855
1607,0.0,0.6895586749835616,1.0,0.0
1608,0.0,0.5904778897744168,1.0,0.0
1609,,0.623348498948453,1.0,4.3769642855
1610,,0.5811977080410453,1.0,4.3769642855
1611,,0.2627242916214558,0.0,
1612,0.0,0.6504083620506779,1.0,0.0
1613,0.0,0.6008786909659394,1.0,0.0
1614,,0.36659851166893764,0.0,
1615,0.0,0.7031966876888971,1.0,0.0
