Client,Sale_CL,Predicted_Probability_Sale_CL,Predicted_Sale_CL,Revenue_CL
1,0.0,0.1561283069391957,0.0,0.0
2,0.0,0.09561240685003024,0.0,0.0
3,,0.562484510458176,1.0,10.743035710000001
4,,0.39461181941495604,0.0,
5,,0.049665995416994776,0.0,
6,0.0,0.5479263479623929,1.0,0.0
7,,0.24296843288032646,0.0,
8,0.0,0.6135772949227222,1.0,0.0
9,,0.2697820774098019,0.0,
10,,0.10437653253652529,0.0,
11,,0.9877354215993548,1.0,10.743035710000001
12,,0.2090471042783409,0.0,
13,0.0,0.9003924895587848,1.0,0.0
14,0.0,0.38889890948367084,0.0,0.0
15,0.0,0.49775350675541985,0.0,0.0
16,,0.9999981990740131,1.0,10.743035710000001
17,0.0,0.22083493922301328,0.0,0.0
18,,0.24862623050334665,0.0,
19,,0.020289290237051946,0.0,
20,0.0,0.056133495838546536,0.0,0.0
21,0.0,0.046246074087875545,0.0,0.0
22,1.0,0.1298971170868764,0.0,30.56035714
23,1.0,0.36783022789406244,0.0,8.25
24,,0.22691707904746464,0.0,
25,,0.3815796579565025,0.0,
26,0.0,0.2350199312728325,0.0,0.0
27,0.0,0.6699800185920927,1.0,0.0
28,,0.4047009058296189,0.0,
29,0.0,0.17495635082766892,0.0,0.0
30,,0.9999999999664746,1.0,10.743035710000001
31,0.0,0.1730929563885405,0.0,0.0
32,,0.1712612289795862,0.0,
33,1.0,0.11528960362590539,0.0,14.98964286
34,0.0,0.11897585767646847,0.0,0.0
35,0.0,0.33683647434634434,0.0,0.0
36,0.0,0.13360578980685905,0.0,0.0
37,0.0,0.18330090360558274,0.0,0.0
38,0.0,0.037237384760043804,0.0,0.0
39,,0.18079386296981517,0.0,
40,0.0,0.13835324654250003,0.0,0.0
41,,0.5955619768398125,1.0,10.743035710000001
42,0.0,0.3181169029884029,0.0,0.0
43,0.0,0.09833722422345323,0.0,0.0
44,0.0,0.17603050243065227,0.0,0.0
45,1.0,0.11104880226408663,0.0,5.556785714
46,0.0,0.09167678315857092,0.0,0.0
47,1.0,0.10611630425874707,0.0,4.496071429
48,0.0,0.2099542037359427,0.0,0.0
49,0.0,0.43123993227541546,0.0,0.0
50,0.0,0.1894451956099108,0.0,0.0
51,,0.9999980988227131,1.0,10.743035710000001
52,0.0,0.1575707792131349,0.0,0.0
53,0.0,0.5351297487595997,1.0,0.0
54,,0.487775724425741,0.0,
55,,0.1658818201001198,0.0,
56,0.0,0.05412225389580248,0.0,0.0
57,,0.23193596432616323,0.0,
58,0.0,0.18871202905829823,0.0,0.0
59,,0.16348198166941028,0.0,
60,0.0,0.9999999039612167,1.0,0.0
61,,0.31266921922589064,0.0,
62,,0.18613260440068197,0.0,
63,,0.071692358305115,0.0,
64,,0.41048436485797124,0.0,
65,0.0,0.3278937306665062,0.0,0.0
66,0.0,0.05015839409797807,0.0,0.0
67,1.0,0.31782797714171496,0.0,4.190357143
68,0.0,0.11540507937947396,0.0,0.0
69,0.0,0.19380994582493957,0.0,0.0
70,,0.29997788780559526,0.0,
71,0.0,0.28294364831459834,0.0,0.0
72,0.0,0.14599236740936575,0.0,0.0
73,1.0,0.4190769045492554,0.0,18.35392857
74,,0.1851978373692565,0.0,
75,0.0,0.14208855091813577,0.0,0.0
76,0.0,0.3929721264109698,0.0,0.0
77,,0.22954651348477575,0.0,
78,0.0,0.2186443567180668,0.0,0.0
79,0.0,0.09956726700064931,0.0,0.0
80,0.0,0.1495957625255148,0.0,0.0
81,0.0,0.09629374931465323,0.0,0.0
82,1.0,0.25122852512878174,0.0,5.396428571
83,1.0,0.14336818256440761,0.0,28.68535714
84,,0.49638583119835417,0.0,
85,0.0,0.27937821585452827,0.0,0.0
86,0.0,0.4960036814245555,0.0,0.0
87,0.0,0.28862875914125735,0.0,0.0
88,0.0,0.14525701105861485,0.0,0.0
89,,0.18030617550052747,0.0,
90,0.0,0.23418999901308804,0.0,0.0
91,,0.4624374243100652,0.0,
92,0.0,0.12342819453537483,0.0,0.0
93,0.0,0.2195585209356492,0.0,0.0
94,,0.0632844571713947,0.0,
95,1.0,0.2144332529337525,0.0,6.071428571
96,0.0,0.2184942829182481,0.0,0.0
97,,0.25964393102842487,0.0,
98,,0.1649527422152843,0.0,
99,,0.5440983597431981,1.0,10.743035710000001
100,,0.5803236686285302,1.0,10.743035710000001
101,,0.11112574009776444,0.0,
102,1.0,0.6002241627267391,1.0,6.9525
103,0.0,0.33083595092375884,0.0,0.0
104,,0.053831370956422965,0.0,
105,,0.15646677433441022,0.0,
106,0.0,0.2564612535178105,0.0,0.0
107,0.0,0.32923067110917603,0.0,0.0
108,0.0,0.254023594448333,0.0,0.0
109,,0.17729702546310436,0.0,
110,,0.1026664054548947,0.0,
111,,0.5849884631948709,1.0,10.743035710000001
112,1.0,0.22623841784386325,0.0,12.5
113,0.0,0.3994971897535695,0.0,0.0
114,0.0,0.32311841712661776,0.0,0.0
115,,0.18558563482796928,0.0,
116,0.0,0.1888070330380959,0.0,0.0
117,,0.571940230189075,1.0,10.743035710000001
118,1.0,0.08011137274100746,0.0,11.3825
119,,0.21701723825262872,0.0,
120,1.0,0.6256448112639598,1.0,7.297857143
121,,0.35509413276408164,0.0,
122,0.0,0.14552212134328402,0.0,0.0
123,1.0,0.12846695454377244,0.0,10.46107143
124,,0.24771641718776255,0.0,
125,,0.5832688487832749,1.0,10.743035710000001
126,,0.369046014203122,0.0,
127,1.0,0.33210293948952513,0.0,14.07142857
128,,0.3047556858871313,0.0,
129,1.0,0.18847781901854008,0.0,6.138928571
130,0.0,0.5320373530166523,1.0,0.0
131,0.0,0.12929696409979058,0.0,0.0
132,0.0,0.061814240256501576,0.0,0.0
133,,0.15917108738634317,0.0,
134,1.0,0.20552077534528687,0.0,20.14
135,,0.2466308254347484,0.0,
136,0.0,0.21520907912373627,0.0,0.0
137,0.0,0.2703439514960619,0.0,0.0
138,,0.19633258350104502,0.0,
139,0.0,0.15900020238258752,0.0,0.0
140,,0.16292815584405002,0.0,
141,,0.14565652221046893,0.0,
142,0.0,0.1959326636800373,0.0,0.0
143,1.0,0.5273921893839295,1.0,2.410714286
144,,0.20463108145167655,0.0,
145,,0.0851603847405288,0.0,
146,,0.40887405049838405,0.0,
147,1.0,0.4362208070974351,0.0,15.61321429
148,0.0,0.3705214587703617,0.0,0.0
149,0.0,0.13312679767865332,0.0,0.0
150,,0.336215169410964,0.0,
151,,0.035294751261335015,0.0,
152,,0.10051414138091638,0.0,
153,,0.08341665276603147,0.0,
154,,0.1340430587091426,0.0,
155,,0.46373819499221475,0.0,
156,1.0,0.06403974245353379,0.0,16.31785714
157,0.0,0.1902429824501043,0.0,0.0
158,0.0,0.08450147027358963,0.0,0.0
159,1.0,0.20707012530685293,0.0,9.940357143
160,1.0,0.20277173079102506,0.0,17.0475
161,,0.2969603075861919,0.0,
162,0.0,0.42630475104917087,0.0,0.0
163,0.0,0.06818471833751864,0.0,0.0
164,,0.08642036205682288,0.0,
165,,0.3759089435492207,0.0,
166,,0.5898533146864489,1.0,10.743035710000001
167,0.0,0.146440154048427,0.0,0.0
168,,0.09788131363933843,0.0,
169,,0.1878579566245772,0.0,
170,,0.46380747379278703,0.0,
171,0.0,0.22436177529905077,0.0,0.0
172,0.0,0.3978614711274817,0.0,0.0
173,0.0,0.14394931455295684,0.0,0.0
174,,0.6651625566120503,1.0,10.743035710000001
175,,0.6280740488900155,1.0,10.743035710000001
176,,0.254242143611553,0.0,
177,0.0,0.19689862969092867,0.0,0.0
178,0.0,1.0,1.0,0.0
179,1.0,0.49050648535404306,0.0,14.13857143
180,,0.21468705922369952,0.0,
181,1.0,0.8040574111242578,1.0,12.94357143
182,0.0,0.23739403990679395,0.0,0.0
183,,0.18926528229175718,0.0,
184,0.0,0.19137993822003652,0.0,0.0
185,0.0,0.15412177289872867,0.0,0.0
186,0.0,0.26375569954680994,0.0,0.0
187,1.0,0.2590739472894037,0.0,15.75
188,,0.20172885778439603,0.0,
189,0.0,0.17251295347250878,0.0,0.0
190,0.0,0.04956226458672025,0.0,0.0
191,0.0,0.16593184963660368,0.0,0.0
192,1.0,0.12160916142194127,0.0,6.857142857
193,0.0,0.1726805737777097,0.0,0.0
194,0.0,0.16743567655836963,0.0,0.0
195,0.0,0.14725939219772197,0.0,0.0
196,,1.0,1.0,10.743035710000001
197,,0.03179205584796595,0.0,
198,0.0,0.1276830002239259,0.0,0.0
199,,0.32848518338711363,0.0,
200,,0.6720792902489844,1.0,10.743035710000001
201,,0.11403907936929283,0.0,
202,0.0,0.2616563479015559,0.0,0.0
203,1.0,0.40028606889128027,0.0,5.714285714
204,0.0,0.4385621472900504,0.0,0.0
205,0.0,0.254018050050124,0.0,0.0
206,,0.031584806604755225,0.0,
207,,0.23784144872280172,0.0,
208,1.0,0.45659020300537884,0.0,5.801785714
209,0.0,0.11025601806664945,0.0,0.0
210,0.0,0.1221481916108569,0.0,0.0
211,,0.3903676370753051,0.0,
212,0.0,0.4473953519913011,0.0,0.0
213,1.0,0.13567244831361644,0.0,19.10714286
214,,0.17736328329349887,0.0,
215,1.0,0.10196297735543274,0.0,12.51178571
216,,0.9514935976928923,1.0,10.743035710000001
217,,0.22027220269779355,0.0,
218,0.0,0.32347471788978815,0.0,0.0
219,0.0,0.08226510340307178,0.0,0.0
220,0.0,0.24529369647909155,0.0,0.0
221,1.0,0.21995590450562885,0.0,7.243214286
222,1.0,0.49721624431643374,0.0,2.107142857
223,,0.11410901614160612,0.0,
224,,1.0,1.0,10.743035710000001
225,1.0,0.44932119714916136,0.0,8.130714286
226,,0.09212877613351368,0.0,
227,,0.03669989311460201,0.0,
228,,1.0,1.0,10.743035710000001
229,,0.37195823964938635,0.0,
230,0.0,0.10485509427353056,0.0,0.0
231,,0.3323579631773611,0.0,
232,,0.273217785598262,0.0,
233,,0.9999935657487605,1.0,10.743035710000001
234,0.0,0.29172051821656825,0.0,0.0
235,,0.33493940642737763,0.0,
236,1.0,0.2726197087011282,0.0,32.13285714
237,,0.25613738658349594,0.0,
238,0.0,0.32561968098071914,0.0,0.0
239,,0.7399647183970063,1.0,10.743035710000001
240,,0.32958217015145425,0.0,
241,1.0,0.17525134193884434,0.0,23.71428571
242,0.0,0.15821069351707742,0.0,0.0
243,,0.07598023007796602,0.0,
244,0.0,0.44173718689588465,0.0,0.0
245,1.0,0.2447894771183876,0.0,5.685357143
246,,0.17669752214459755,0.0,
247,0.0,0.16115775561824014,0.0,0.0
248,0.0,0.19303952275110567,0.0,0.0
249,1.0,0.23584532991029622,0.0,11.75
250,0.0,0.17494056247295875,0.0,0.0
251,0.0,0.22035935704867907,0.0,0.0
252,0.0,0.059107878294263956,0.0,0.0
253,0.0,0.24812876287896943,0.0,0.0
254,0.0,0.1423654978228923,0.0,0.0
255,,0.5994235883088549,1.0,10.743035710000001
256,0.0,0.18853034275858288,0.0,0.0
257,,0.3033975410907726,0.0,
258,,0.5987650671886381,1.0,10.743035710000001
259,0.0,0.1753095266796954,0.0,0.0
260,,0.22233664205213402,0.0,
261,,0.3682886176210787,0.0,
262,0.0,0.16340910865869948,0.0,0.0
263,,0.2929337679714013,0.0,
264,0.0,0.11207077562120729,0.0,0.0
265,,1.0,1.0,10.743035710000001
266,,0.16517740906962194,0.0,
267,,0.5315783930269015,1.0,10.743035710000001
268,0.0,0.22508961740177982,0.0,0.0
269,1.0,0.10092872624919653,0.0,12.54785714
270,,0.23454239887431033,0.0,
271,1.0,0.4115870324655806,0.0,6.642857143
272,1.0,0.16227523492273854,0.0,13.46964286
273,,0.15520147485590954,0.0,
274,,0.3904025362460536,0.0,
275,0.0,0.13502145491223974,0.0,0.0
276,,0.4910237627867382,0.0,
277,0.0,0.18950306526356767,0.0,0.0
278,0.0,0.18997744926001547,0.0,0.0
279,1.0,0.17983123862518324,0.0,4.214285714
280,0.0,0.5817143645955507,1.0,0.0
281,0.0,0.31620887561822814,0.0,0.0
282,0.0,0.0627669454080421,0.0,0.0
283,,0.15933033223408824,0.0,
284,1.0,0.1457682402568905,0.0,14.98821429
285,0.0,0.331961425425661,0.0,0.0
286,,0.4165047960373332,0.0,
287,0.0,0.14252012556013283,0.0,0.0
288,0.0,0.1554670893336862,0.0,0.0
289,,0.08261560319222426,0.0,
290,0.0,0.25925503972328967,0.0,0.0
291,0.0,0.18041913261122497,0.0,0.0
292,0.0,0.14490890122516198,0.0,0.0
293,,0.3155484937514881,0.0,
294,0.0,0.14318444650639034,0.0,0.0
295,0.0,0.11332872266676641,0.0,0.0
296,,0.21348951613485492,0.0,
297,0.0,0.1653667548088098,0.0,0.0
298,1.0,0.310563647845461,0.0,22.96642857
299,,0.2482762709422111,0.0,
300,1.0,0.5055216291922812,1.0,12.03571429
301,,0.14414787930107748,0.0,
302,0.0,0.05976105501737282,0.0,0.0
303,1.0,0.2516900139097335,0.0,5.178571429
304,1.0,0.24431201440456574,0.0,20.07142857
305,,0.16952428689569493,0.0,
306,0.0,0.07734824790543812,0.0,0.0
307,,0.061422001859735904,0.0,
308,0.0,0.22604929604853996,0.0,0.0
309,,0.10170631542702376,0.0,
310,0.0,0.48155630076310074,0.0,0.0
311,,0.3345905765489155,0.0,
312,,0.23242566716783203,0.0,
313,,0.3415232325546661,0.0,
314,,1.0,1.0,10.743035710000001
315,0.0,0.23381663525208174,0.0,0.0
316,1.0,0.5477835804195366,1.0,15.01535714
317,0.0,0.2825345336861576,0.0,0.0
318,,0.12586941213941277,0.0,
319,0.0,0.07299775027380317,0.0,0.0
320,0.0,0.21277625420518056,0.0,0.0
321,0.0,0.1001519468461781,0.0,0.0
322,0.0,0.026104587104738487,0.0,0.0
323,0.0,0.14810523852335236,0.0,0.0
324,0.0,0.17982051931022325,0.0,0.0
325,,0.4959965690672235,0.0,
326,,0.27232708983655113,0.0,
327,1.0,0.09125894062157608,0.0,13.0
328,0.0,1.0,1.0,0.0
329,,0.2514564664297879,0.0,
330,,0.18830349097401086,0.0,
331,,0.5754543120098417,1.0,10.743035710000001
332,,0.22053565059794594,0.0,
333,,0.3182209287376688,0.0,
334,0.0,0.08597625013894555,0.0,0.0
335,1.0,0.2093659544026015,0.0,4.25
336,,0.2022163308565958,0.0,
337,0.0,0.16195667774219172,0.0,0.0
338,,0.20003170221370348,0.0,
339,0.0,0.22084618914417167,0.0,0.0
340,,0.9893619107758226,1.0,10.743035710000001
341,1.0,0.1782137676972406,0.0,9.75
342,,0.4122733542766176,0.0,
343,0.0,0.18844612359423238,0.0,0.0
344,0.0,0.03591089543215741,0.0,0.0
345,,0.09248252338685789,0.0,
346,0.0,0.3130251338556871,0.0,0.0
347,,0.12836755039703088,0.0,
348,1.0,0.0945096611851842,0.0,8.321428571
349,0.0,1.0,1.0,0.0
350,,0.7039689561861318,1.0,10.743035710000001
351,0.0,0.040720437680383574,0.0,0.0
352,,0.03143511063204868,0.0,
353,,0.11177452791156252,0.0,
354,,0.045540625183877886,0.0,
355,,0.16578248223567804,0.0,
356,,0.1917445040580143,0.0,
357,,0.20441864831615458,0.0,
358,,0.4996568256640938,0.0,
359,,0.05258227064303851,0.0,
360,1.0,0.016102554565518103,0.0,14.19821429
361,0.0,0.12533806153590035,0.0,0.0
362,,0.05953647666950941,0.0,
363,0.0,0.09439197134306083,0.0,0.0
364,,0.18211676471835886,0.0,
365,0.0,0.13746580616655144,0.0,0.0
366,0.0,0.17949262647143158,0.0,0.0
367,,0.1490403301575898,0.0,
368,,0.25686969587914404,0.0,
369,,0.2287387207443737,0.0,
370,0.0,0.16219310120282052,0.0,0.0
371,0.0,0.3021489335515929,0.0,0.0
372,1.0,0.049194694537598616,0.0,17.21428571
373,,0.5071479261109967,1.0,10.743035710000001
374,0.0,0.17381060108394325,0.0,0.0
375,,0.12909883248306347,0.0,
376,0.0,0.21041234530619413,0.0,0.0
377,0.0,0.18592043556916843,0.0,0.0
378,0.0,0.03199343379053257,0.0,0.0
379,,0.29941760847511967,0.0,
380,1.0,1.0,1.0,15.82142857
381,,0.4208744004396892,0.0,
382,,0.05056644707126397,0.0,
383,,0.35267870277131,0.0,
384,1.0,0.2408699597677807,0.0,12.50607143
385,0.0,0.05723491557756875,0.0,0.0
386,,0.9999999999998606,1.0,10.743035710000001
387,1.0,0.2561098013541282,0.0,10.31035714
388,1.0,0.219441955213383,0.0,7.285714286
389,,0.2164534698201049,0.0,
390,0.0,1.0,1.0,0.0
391,0.0,0.4272505186091764,0.0,0.0
392,,0.03885966853219908,0.0,
393,0.0,0.2415580058504724,0.0,0.0
394,,0.25329208765568506,0.0,
395,0.0,0.22409888272492012,0.0,0.0
396,,0.1164254238619929,0.0,
397,0.0,0.2146734024579831,0.0,0.0
398,0.0,0.9932030982876584,1.0,0.0
399,0.0,0.1813623186926805,0.0,0.0
400,,0.18721569917788475,0.0,
401,,0.18709594556991305,0.0,
402,0.0,0.14558336261426832,0.0,0.0
403,,0.23063338403785963,0.0,
404,1.0,0.3564346956253075,0.0,21.0
405,0.0,0.2143971182277984,0.0,0.0
406,,0.1508737175015334,0.0,
407,0.0,0.12939906765857234,0.0,0.0
408,1.0,1.0,1.0,13.25
409,,0.20506490059723892,0.0,
410,,0.12205848507428661,0.0,
411,,0.17208213226097982,0.0,
412,0.0,0.06755560747459893,0.0,0.0
413,1.0,0.05388282577712084,0.0,11.71428571
414,0.0,0.2528859072875165,0.0,0.0
415,1.0,0.21637428441857193,0.0,27.2575
416,0.0,0.7811135828895411,1.0,0.0
417,1.0,0.3947471446365698,0.0,36.05071429
418,0.0,0.17773798458421672,0.0,0.0
419,,0.17412972600844726,0.0,
420,0.0,0.12220659750421173,0.0,0.0
421,1.0,0.19959374001377891,0.0,10.67857143
422,1.0,0.21059333756677456,0.0,1.071428571
423,,0.27623617189505256,0.0,
424,0.0,0.03929370682015706,0.0,0.0
425,0.0,0.17954761650985396,0.0,0.0
426,,0.2692744812858241,0.0,
427,,0.15561504865036624,0.0,
428,0.0,0.1262865314630712,0.0,0.0
429,,0.1864712886254526,0.0,
430,,0.35534518531590026,0.0,
431,,0.3851477294218405,0.0,
432,,0.1949104786811526,0.0,
433,0.0,0.3531207218911595,0.0,0.0
434,0.0,0.12907289057523413,0.0,0.0
435,,0.492155973307666,0.0,
436,0.0,0.3058230384501456,0.0,0.0
437,0.0,1.0,1.0,0.0
438,1.0,0.16811945417214885,0.0,18.1725
439,,0.28500053357974503,0.0,
440,,0.15679422703061344,0.0,
441,1.0,0.4123184741324683,0.0,6.25
442,0.0,0.3187539918781854,0.0,0.0
443,0.0,0.5679988337577836,1.0,0.0
444,1.0,0.26665068918236673,0.0,12.04607143
445,0.0,0.434407090514046,0.0,0.0
446,0.0,0.15918513950423657,0.0,0.0
447,1.0,0.17548520683211227,0.0,9.916785714
448,1.0,1.0,1.0,22.42464286
449,0.0,0.16075048039009654,0.0,0.0
450,1.0,0.42668902709158824,0.0,15.18428571
451,1.0,0.5112525377653525,1.0,3.261071429
452,0.0,0.1110370366805322,0.0,0.0
453,0.0,0.0861050662813693,0.0,0.0
454,,0.49980094092451255,0.0,
455,1.0,0.14208024807517958,0.0,10.57142857
456,,0.6294029488472781,1.0,10.743035710000001
457,0.0,0.21527361035535156,0.0,0.0
458,,0.14963303174591758,0.0,
459,,0.48971201086617494,0.0,
460,,0.32759789608057566,0.0,
461,0.0,0.17200804859763194,0.0,0.0
462,0.0,0.37710260165703774,0.0,0.0
463,,0.16021179050668197,0.0,
464,,0.3519643180018507,0.0,
465,0.0,0.49469275237587385,0.0,0.0
466,0.0,0.11813764965823807,0.0,0.0
467,,0.21427730678066442,0.0,
468,,0.14312207233012286,0.0,
469,0.0,0.18171774859135514,0.0,0.0
470,1.0,0.3273452994208446,0.0,10.60714286
471,,0.15261690961639526,0.0,
472,0.0,0.08600090855667328,0.0,0.0
473,,0.0913123066251214,0.0,
474,,0.3935049528016598,0.0,
475,0.0,0.0529041231394037,0.0,0.0
476,,0.1395768366020831,0.0,
477,1.0,0.04985696661638618,0.0,4.214285714
478,0.0,0.07378293611827694,0.0,0.0
479,0.0,0.10137189234769704,0.0,0.0
480,1.0,0.1459790247433641,0.0,10.71428571
481,0.0,0.14908683932337824,0.0,0.0
482,1.0,0.3043387433980973,0.0,10.82142857
483,1.0,0.2567912595747607,0.0,10.80964286
484,,0.2514518283694068,0.0,
485,,0.22887660500305637,0.0,
486,0.0,0.1616153355476483,0.0,0.0
487,,0.22479352821885198,0.0,
488,,0.12164456389218703,0.0,
489,0.0,0.028610886518610146,0.0,0.0
490,,0.2537432804627071,0.0,
491,1.0,0.3070922754822086,0.0,5.162857143
492,1.0,0.19244541894611197,0.0,1.071428571
493,0.0,0.15233045465279973,0.0,0.0
494,0.0,0.2744367410856484,0.0,0.0
495,1.0,0.6583605146146115,1.0,4.488214286
496,,0.5548585780344699,1.0,10.743035710000001
497,0.0,0.17256129110536203,0.0,0.0
498,,0.3124811432518907,0.0,
499,0.0,0.2888807724435165,0.0,0.0
500,1.0,0.07736218738905755,0.0,10.08321429
501,1.0,0.06300740322412472,0.0,15.95214286
502,0.0,0.2683941615551229,0.0,0.0
503,1.0,0.1827619403346628,0.0,2.107142857
504,,0.3995604095230364,0.0,
505,,1.0,1.0,10.743035710000001
506,,0.9716435198340506,1.0,10.743035710000001
507,0.0,0.06067690382722305,0.0,0.0
508,0.0,0.12588736168516076,0.0,0.0
509,1.0,0.24618221715379263,0.0,10.10714286
510,0.0,0.04391464341591998,0.0,0.0
511,,0.3377842994400856,0.0,
512,0.0,0.23364049920158633,0.0,0.0
513,,0.35040963065965697,0.0,
514,0.0,0.25779734989896513,0.0,0.0
515,1.0,0.07070799489012827,0.0,13.03392857
516,,0.10309663759144659,0.0,
517,,0.32627225846141494,0.0,
518,1.0,0.14107415027169193,0.0,12.20821429
519,1.0,0.3020834709082841,0.0,5.5
520,0.0,0.04100763430977148,0.0,0.0
521,,0.3682433569588162,0.0,
522,,0.33641932822762477,0.0,
523,,0.12223576785850312,0.0,
524,,0.53356579689846,1.0,10.743035710000001
525,1.0,0.27013677125035473,0.0,7.586428571
526,0.0,0.31010529158221595,0.0,0.0
527,1.0,0.2054399448265995,0.0,2.678571429
528,,0.576366660059434,1.0,10.743035710000001
529,0.0,0.03150973807917648,0.0,0.0
530,,0.09684017281253822,0.0,
531,,0.2146145482408089,0.0,
532,,0.037205620326787835,0.0,
533,0.0,0.22212024684904005,0.0,0.0
534,0.0,0.4987614617416572,0.0,0.0
535,,0.08440268929080978,0.0,
536,0.0,0.16096782777009244,0.0,0.0
537,1.0,0.21311499413155885,0.0,13.21428571
538,,0.15822870244471382,0.0,
539,,0.34082156268077923,0.0,
540,,0.03993542150079145,0.0,
541,,0.4331715866563593,0.0,
542,1.0,0.19766555079429002,0.0,20.21428571
543,,0.5091091409620668,1.0,10.743035710000001
544,1.0,0.7867434822797181,1.0,17.78571429
545,,0.0462532309837994,0.0,
546,0.0,0.14575347567083105,0.0,0.0
547,0.0,0.0740538548134398,0.0,0.0
548,0.0,0.10986634095852306,0.0,0.0
549,0.0,0.19944014209953873,0.0,0.0
550,0.0,0.4648129991140246,0.0,0.0
551,0.0,0.3121728140153032,0.0,0.0
552,0.0,0.18714995915341903,0.0,0.0
553,1.0,0.1833006915723665,0.0,29.78107143
554,0.0,0.15803537739901238,0.0,0.0
555,,0.2728806735205239,0.0,
556,0.0,0.2872399477572301,0.0,0.0
557,1.0,0.23123724299828938,0.0,2.380714286
558,1.0,0.30984419315094536,0.0,8.318214286
559,,0.28523631508688607,0.0,
560,0.0,0.09028710815084173,0.0,0.0
561,1.0,0.21177373249914397,0.0,5.214285714
562,,0.28032530434584774,0.0,
563,0.0,0.9986679923200728,1.0,0.0
564,0.0,0.10963540832193865,0.0,0.0
565,,0.426139619278898,0.0,
566,,0.10637201463369907,0.0,
567,,0.11442440881786001,0.0,
568,0.0,0.19096027618631317,0.0,0.0
569,0.0,0.5324441856577276,1.0,0.0
570,,0.13010658938330238,0.0,
571,,0.6098612151823029,1.0,10.743035710000001
572,0.0,0.14499259354594418,0.0,0.0
573,0.0,0.1506762699921675,0.0,0.0
574,0.0,0.2090218702902434,0.0,0.0
575,1.0,0.20926387835898,0.0,8.420714286
576,0.0,0.4443790397061061,0.0,0.0
577,,0.1920355449597857,0.0,
578,1.0,0.11012963123414843,0.0,9.9925
579,,0.2885646126267189,0.0,
580,0.0,0.17405854176415006,0.0,0.0
581,0.0,0.1652610561682053,0.0,0.0
582,1.0,0.14938282506383574,0.0,9.589285714
583,,0.6690557490697581,1.0,10.743035710000001
584,1.0,0.05525854475314185,0.0,8.75
585,0.0,0.34097017029803,0.0,0.0
586,,0.13415925541189055,0.0,
587,,0.14845551833899545,0.0,
588,0.0,0.36758201703805443,0.0,0.0
589,0.0,0.9351158369243182,1.0,0.0
590,,0.16080589500263703,0.0,
591,0.0,0.46829632337658517,0.0,0.0
592,,0.04343363523328874,0.0,
593,1.0,0.4824675355473782,0.0,8.5
594,,0.22375063724334307,0.0,
595,,0.29861529978869594,0.0,
596,,0.47964691146028665,0.0,
597,0.0,0.24288705486871895,0.0,0.0
598,0.0,0.19749306518178109,0.0,0.0
599,0.0,0.12317084889672264,0.0,0.0
600,1.0,0.06387689000427296,0.0,10.92857143
601,0.0,0.022711519329681046,0.0,0.0
602,0.0,0.2618702859116541,0.0,0.0
603,,0.03162328484575753,0.0,
604,0.0,0.10432043891706608,0.0,0.0
605,0.0,0.43926383379938566,0.0,0.0
606,0.0,0.10700645053006601,0.0,0.0
607,,0.16079166062315728,0.0,
608,1.0,0.06733939429248598,0.0,7.753928571
609,0.0,0.06119864318685288,0.0,0.0
610,0.0,1.0,1.0,0.0
611,1.0,0.2909717747383507,0.0,10.38678571
612,0.0,0.14969166565404096,0.0,0.0
613,0.0,0.47674646683442556,0.0,0.0
614,1.0,0.30568027097621925,0.0,4.248214286
615,0.0,0.15915402718343374,0.0,0.0
616,,0.12560366714701832,0.0,
617,0.0,0.09667084786383068,0.0,0.0
618,0.0,0.55006336930987,1.0,0.0
619,0.0,0.07563656423330882,0.0,0.0
620,,0.3364911040913565,0.0,
621,0.0,1.0,1.0,0.0
622,,0.4303365499062643,0.0,
623,0.0,0.1645564785198994,0.0,0.0
624,0.0,0.05582629251084878,0.0,0.0
625,,0.10593129042718426,0.0,
626,,0.3355413736994309,0.0,
627,1.0,0.2653785993973603,0.0,9.3025
628,0.0,0.23655771903979067,0.0,0.0
629,0.0,0.4732319463756298,0.0,0.0
630,1.0,0.30426803735596897,0.0,16.925
631,0.0,0.1801172809619338,0.0,0.0
632,1.0,0.2566661759752006,0.0,13.5475
633,,0.018801596827411712,0.0,
634,0.0,0.12176088709536106,0.0,0.0
635,,0.3939391954304998,0.0,
636,0.0,0.034796837067433084,0.0,0.0
637,,0.4773599541659403,0.0,
638,0.0,0.28469878659960973,0.0,0.0
639,1.0,0.23600684636237465,0.0,11.57142857
640,,0.02869320624455874,0.0,
641,,0.5218845699981883,1.0,10.743035710000001
642,1.0,0.07636854543203209,0.0,14.55821429
643,1.0,0.23937000602761224,0.0,15.29357143
644,0.0,1.0,1.0,0.0
645,0.0,0.334621361569969,0.0,0.0
646,0.0,0.20148625973156478,0.0,0.0
647,,0.1735816342793426,0.0,
648,0.0,0.9975714347891436,1.0,0.0
649,0.0,0.16407913698550383,0.0,0.0
650,,0.9999513252597,1.0,10.743035710000001
651,,0.44205228891713055,0.0,
652,,0.12365319199820415,0.0,
653,0.0,0.06792785773124578,0.0,0.0
654,,0.1765233881442961,0.0,
655,,0.2641611779667618,0.0,
656,,0.07440833179974239,0.0,
657,0.0,0.3292265831814717,0.0,0.0
658,1.0,0.11967559455909976,0.0,6.233928571
659,,0.16462585966284357,0.0,
660,,0.1492292276317993,0.0,
661,0.0,0.077793149350128,0.0,0.0
662,1.0,0.5583354692844977,1.0,13.85714286
663,0.0,0.2870428386844188,0.0,0.0
664,,0.14556222096625238,0.0,
665,,0.26544936667941826,0.0,
666,0.0,0.14324147224540346,0.0,0.0
667,,0.2658936503864689,0.0,
668,,0.049197378688309944,0.0,
669,,0.30876358319877345,0.0,
670,0.0,0.4127920138162277,0.0,0.0
671,0.0,0.06533405595064776,0.0,0.0
672,0.0,0.401650067602558,0.0,0.0
673,1.0,0.07833493934906775,0.0,12.50857143
674,,0.29479525728969125,0.0,
675,0.0,0.3827588249568593,0.0,0.0
676,,0.16686646954456916,0.0,
677,,0.42675554926819453,0.0,
678,1.0,0.2706101480649616,0.0,17.15464286
679,1.0,0.43495574466055753,0.0,6.9675
680,0.0,0.49693411488154426,0.0,0.0
681,,0.2778585309471045,0.0,
682,1.0,0.1764077494034873,0.0,9.392857143
683,0.0,0.13053872709550782,0.0,0.0
684,0.0,0.22351514807184858,0.0,0.0
685,,0.30080990315463113,0.0,
686,1.0,0.1326029107193642,0.0,18.78571429
687,0.0,0.233347504109072,0.0,0.0
688,,0.18575290596202654,0.0,
689,0.0,0.18179407675514353,0.0,0.0
690,,0.07724075053549301,0.0,
691,1.0,0.3270296005869556,0.0,4.642857143
692,1.0,0.20288023182012993,0.0,13.13107143
693,1.0,0.23641940022423716,0.0,17.10714286
694,0.0,0.15479737796252804,0.0,0.0
695,,0.5015675353762977,1.0,10.743035710000001
696,,0.3052443606871497,0.0,
697,,0.19984496712602726,0.0,
698,0.0,0.962452385542062,1.0,0.0
699,,0.33516459296905504,0.0,
700,0.0,0.9937885044290136,1.0,0.0
701,,0.15271202527251543,0.0,
702,0.0,0.243663127057789,0.0,0.0
703,1.0,0.37176272822741535,0.0,2.107142857
704,0.0,0.1720126033206468,0.0,0.0
705,0.0,0.2537940984006921,0.0,0.0
706,,0.19654968588212482,0.0,
707,,0.7479544500138846,1.0,10.743035710000001
708,,0.4614615934052042,0.0,
709,0.0,0.17867676524641976,0.0,0.0
710,,0.2355572571677087,0.0,
711,0.0,0.21907464693334894,0.0,0.0
712,0.0,0.15288971748285043,0.0,0.0
713,1.0,0.36473460922757656,0.0,11.875
714,0.0,0.0710353938156635,0.0,0.0
715,,0.9998558863765743,1.0,10.743035710000001
716,0.0,0.11637701901907548,0.0,0.0
717,,0.15875893052794454,0.0,
718,0.0,0.5210237334194284,1.0,0.0
719,0.0,0.24331477960067277,0.0,0.0
720,1.0,0.5592133554347464,1.0,10.1575
721,0.0,0.11419570299133833,0.0,0.0
722,0.0,0.12414164864695938,0.0,0.0
723,0.0,0.12140837987418934,0.0,0.0
724,,0.27079056768833903,0.0,
725,0.0,0.2747749506109039,0.0,0.0
726,,0.21980275535535682,0.0,
727,,0.14524568951495442,0.0,
728,,0.5474191404838655,1.0,10.743035710000001
729,1.0,0.21220801077416096,0.0,28.14892857
730,1.0,0.18475476935678511,0.0,2.428571429
731,,0.3048397312926842,0.0,
732,1.0,0.15508713281637282,0.0,10.21428571
733,,0.1134698707239228,0.0,
734,0.0,0.06368530909283777,0.0,0.0
735,0.0,0.2851174585232571,0.0,0.0
736,0.0,0.3337625642932558,0.0,0.0
737,0.0,0.09646621909762673,0.0,0.0
738,,0.10085873118354143,0.0,
739,1.0,0.2838452512214549,0.0,7.785714286
740,0.0,0.2937538141505671,0.0,0.0
741,0.0,0.21230192619395755,0.0,0.0
742,0.0,0.19475419014124112,0.0,0.0
743,0.0,0.19553236885301253,0.0,0.0
744,0.0,0.2049930997702609,0.0,0.0
745,0.0,0.12883892158703594,0.0,0.0
746,0.0,0.13147617496598968,0.0,0.0
747,1.0,0.5273772835642585,1.0,3.892857143
748,,0.20550918579717942,0.0,
749,,0.43191902178007685,0.0,
750,,0.3406637650932597,0.0,
751,0.0,0.23652906718600245,0.0,0.0
752,,0.05362226372190122,0.0,
753,0.0,0.0689970939864284,0.0,0.0
754,1.0,0.999999984770928,1.0,9.176785714
755,0.0,0.30354764190773137,0.0,0.0
756,,0.5054950894137407,1.0,10.743035710000001
757,0.0,0.15966587871325605,0.0,0.0
758,0.0,0.02735698034866192,0.0,0.0
759,,0.4710762510816951,0.0,
760,,0.076778679307062,0.0,
761,0.0,0.298962109682186,0.0,0.0
762,0.0,0.17698922888077825,0.0,0.0
763,0.0,0.20558026004512492,0.0,0.0
764,0.0,1.0,1.0,0.0
765,,0.3674901850552475,0.0,
766,,0.9905876740020146,1.0,10.743035710000001
767,0.0,0.2153299991887492,0.0,0.0
768,,0.21763895872996528,0.0,
769,,0.056814581055893654,0.0,
770,0.0,0.40653444377320536,0.0,0.0
771,0.0,0.4286842578914205,0.0,0.0
772,,0.4812756647678273,0.0,
773,0.0,0.1340196539329059,0.0,0.0
774,0.0,0.3455279945384511,0.0,0.0
775,1.0,0.2249385545654082,0.0,19.03571429
776,1.0,0.30576574381470906,0.0,3.148928571
777,1.0,0.2837660725398031,0.0,12.43857143
778,,0.11736017508874307,0.0,
779,,0.19855076265072827,0.0,
780,,0.34116919681369967,0.0,
781,,0.08513549099688789,0.0,
782,0.0,0.060279388361389706,0.0,0.0
783,,0.1239065018820244,0.0,
784,0.0,0.16754880042898804,0.0,0.0
785,,0.32988701713541485,0.0,
786,,0.08868688271738992,0.0,
787,,0.06582647467296837,0.0,
788,,0.06817416016581869,0.0,
789,0.0,0.7926503152474379,1.0,0.0
790,0.0,0.427124845295,0.0,0.0
791,,0.1054448899080283,0.0,
792,1.0,0.3280798429635564,0.0,16.2475
793,0.0,0.09284249828887747,0.0,0.0
794,,0.12453670108148322,0.0,
795,1.0,0.21266230336591502,0.0,10.33357143
796,,0.3779125520489768,0.0,
797,,0.07033993711504154,0.0,
798,,0.2711580697109323,0.0,
799,,0.14121505124086073,0.0,
800,0.0,0.16369217306558148,0.0,0.0
801,0.0,0.2774288490228913,0.0,0.0
802,1.0,0.20238187019685122,0.0,13.07142857
803,,0.5127269370925223,1.0,10.743035710000001
804,0.0,0.16125275961906702,0.0,0.0
805,0.0,0.6210115379804113,1.0,0.0
806,1.0,0.46273545211650463,0.0,12.02392857
807,,0.20338619210913703,0.0,
808,1.0,0.20288026171437412,0.0,7.428571429
809,1.0,0.5123070570521001,1.0,8.262142857
810,0.0,0.260284802072023,0.0,0.0
811,,0.16011043322507615,0.0,
812,0.0,0.12459335792181567,0.0,0.0
813,,0.4435036669482524,0.0,
814,0.0,0.06508650908895389,0.0,0.0
815,0.0,0.11470072481729816,0.0,0.0
816,,0.24417836468277432,0.0,
817,,0.47629901101512834,0.0,
818,,0.21657861833834785,0.0,
819,0.0,0.3691164094931174,0.0,0.0
820,,0.25490173131222105,0.0,
821,1.0,0.9909704182000083,1.0,10.25
822,0.0,0.10230500369372918,0.0,0.0
823,0.0,0.07157136363947712,0.0,0.0
824,0.0,0.9962599173131154,1.0,0.0
825,0.0,0.36165139923682527,0.0,0.0
826,1.0,0.6212369039784698,1.0,2.821428571
827,1.0,0.28649172701709036,0.0,12.24214286
828,,0.9965654638624891,1.0,10.743035710000001
829,,0.3719825540602659,0.0,
830,,0.3939528971514112,0.0,
831,0.0,0.13934936269357193,0.0,0.0
832,,0.27610301196080755,0.0,
833,0.0,0.10505808328585703,0.0,0.0
834,,0.21327544657904396,0.0,
835,,0.9948733765095362,1.0,10.743035710000001
836,0.0,0.14749276575694373,0.0,0.0
837,0.0,0.19787384476464856,0.0,0.0
838,1.0,0.4196360792067974,0.0,3.892857143
839,,0.13915654279632422,0.0,
840,0.0,0.34178918270808223,0.0,0.0
841,,0.9999999978388905,1.0,10.743035710000001
842,,0.21885700560584678,0.0,
843,0.0,0.29007990914787374,0.0,0.0
844,,0.3291429132339488,0.0,
845,0.0,0.14683563904657057,0.0,0.0
846,1.0,0.9168554508616217,1.0,2.553571429
847,,0.21942238362342642,0.0,
848,0.0,0.2469621501053716,0.0,0.0
849,1.0,0.2842274837595263,0.0,12.86821429
850,0.0,0.2307605234181823,0.0,0.0
851,,0.036202454765790974,0.0,
852,,0.26631402435482,0.0,
853,,0.028252653444971354,0.0,
854,,0.09324387984755848,0.0,
855,1.0,0.39047840935919564,0.0,17.64285714
856,0.0,0.2549993125133336,0.0,0.0
857,0.0,0.2090486799373685,0.0,0.0
858,0.0,0.2515805175840306,0.0,0.0
859,1.0,0.21435811708582556,0.0,4.166785714
860,1.0,0.16656578374700484,0.0,9.107142857
861,,0.14835709409941272,0.0,
862,,0.4660553850913366,0.0,
863,1.0,0.4113640926477887,0.0,22.60714286
864,0.0,0.29375960330828893,0.0,0.0
865,1.0,0.23663128989271134,0.0,7.535714286
866,,0.2377332691560956,0.0,
867,0.0,0.13706085245442792,0.0,0.0
868,,0.5856688298317556,1.0,10.743035710000001
869,0.0,0.11754610465356961,0.0,0.0
870,,0.42394109537921,0.0,
871,,0.3007082899510063,0.0,
872,0.0,0.1666587346750098,0.0,0.0
873,1.0,0.26549007111401446,0.0,12.75
874,0.0,0.0799472257410199,0.0,0.0
875,0.0,0.31187533375123544,0.0,0.0
876,,0.034631686512962216,0.0,
877,0.0,0.14661927787887027,0.0,0.0
878,,0.4945142700497117,0.0,
879,0.0,0.12269137330290993,0.0,0.0
880,0.0,0.19895269491620207,0.0,0.0
881,1.0,0.161917620749757,0.0,6.664642857
882,0.0,0.09457365067060346,0.0,0.0
883,0.0,0.23197291703263762,0.0,0.0
884,1.0,0.15432556101886238,0.0,9.029642857
885,0.0,0.1325989208089017,0.0,0.0
886,,0.07639077015377577,0.0,
887,,0.2173758599236373,0.0,
888,0.0,0.20731178935022831,0.0,0.0
889,,0.16634455227107678,0.0,
890,0.0,0.03431336717313553,0.0,0.0
891,,0.24291616708444588,0.0,
892,0.0,0.6775486579601369,1.0,0.0
893,,0.362681001620781,0.0,
894,,0.3227892243121694,0.0,
895,0.0,0.05388568155172676,0.0,0.0
896,0.0,0.19881417971015974,0.0,0.0
897,,0.22266462442975207,0.0,
898,0.0,0.08858289105054223,0.0,0.0
899,,0.12194285004735618,0.0,
900,1.0,0.40153790831834163,0.0,24.7975
901,0.0,0.5418506122644263,1.0,0.0
902,,0.16468503930053696,0.0,
903,0.0,0.2670229496326146,0.0,0.0
904,1.0,0.21981263540840557,0.0,8.321428571
905,1.0,0.10741506581432013,0.0,13.16678571
906,1.0,0.3353190922499518,0.0,2.107142857
907,0.0,0.2604442767752891,0.0,0.0
908,0.0,0.08520083140463929,0.0,0.0
909,,0.5944674811726908,1.0,10.743035710000001
910,,0.05614842282958598,0.0,
911,1.0,0.5109083831264208,1.0,1.071428571
912,,0.3277102805520159,0.0,
913,0.0,0.285886010351863,0.0,0.0
914,1.0,0.51065405580919,1.0,12.42571429
915,0.0,0.5948194628522487,1.0,0.0
916,,0.2490895898222679,0.0,
917,1.0,0.29956903582854966,0.0,3.928571429
918,0.0,0.12978328472180045,0.0,0.0
919,,0.24121233207888837,0.0,
920,0.0,0.28154844593372447,0.0,0.0
921,0.0,0.19896087155209888,0.0,0.0
922,1.0,0.16092041360749632,0.0,4.214285714
923,,0.28284262558274403,0.0,
924,0.0,0.22284968706146596,0.0,0.0
925,,0.17942402001725477,0.0,
926,0.0,0.22161813790432625,0.0,0.0
927,0.0,0.12218226339716828,0.0,0.0
928,0.0,0.3351837642812772,0.0,0.0
929,,0.17288275021858132,0.0,
930,0.0,0.06028269949563826,0.0,0.0
931,,0.11185343644337262,0.0,
932,0.0,0.08341994958779171,0.0,0.0
933,,0.24270837151919905,0.0,
934,0.0,0.25612828515575287,0.0,0.0
935,0.0,0.13986208408248657,0.0,0.0
936,,0.15109862626364806,0.0,
937,0.0,0.1730784273130582,0.0,0.0
938,1.0,0.08004617863471303,0.0,7.812142857
939,0.0,0.11186269656631419,0.0,0.0
940,,0.5098122161012425,1.0,10.743035710000001
941,1.0,0.08965636779731911,0.0,19.75
942,0.0,0.03565091129241984,0.0,0.0
943,0.0,0.258228268040983,0.0,0.0
944,0.0,0.1364913522679956,0.0,0.0
945,,0.18277902031248303,0.0,
946,0.0,0.44957232591531077,0.0,0.0
947,1.0,0.13238318942159474,0.0,16.33892857
948,,0.26076410806846406,0.0,
949,,0.08227273869223851,0.0,
950,0.0,0.36012474339278333,0.0,0.0
951,,0.06521603980922172,0.0,
952,0.0,0.4513145995316392,0.0,0.0
953,1.0,0.04683264345387168,0.0,15.22214286
954,,0.1254639424547135,0.0,
955,1.0,0.17253124757306482,0.0,5.702142857
956,1.0,0.12900136108309193,0.0,19.95821429
957,,0.19984759351414733,0.0,
958,,0.20833309631597927,0.0,
959,,0.17303567201395675,0.0,
960,1.0,0.19400674613284702,0.0,9.821428571
961,1.0,0.3245649465560819,0.0,10.56
962,0.0,0.10676277168813751,0.0,0.0
963,0.0,0.07153409988960116,0.0,0.0
964,0.0,0.21828232706649645,0.0,0.0
965,,0.2669160601570292,0.0,
966,0.0,0.19425839328933125,0.0,0.0
967,,0.24572466714252947,0.0,
968,,0.22883730821190837,0.0,
969,0.0,0.15513291816376537,0.0,0.0
970,1.0,0.19191030544652954,0.0,6.321428571
971,0.0,0.23821631676935404,0.0,0.0
972,,0.05386141589217045,0.0,
973,0.0,0.131451632235379,0.0,0.0
974,,0.10347797863317923,0.0,
975,,0.29686853504410143,0.0,
976,,0.25075660764371266,0.0,
977,0.0,0.11126059950756788,0.0,0.0
978,,0.04394526630812164,0.0,
979,0.0,0.11699548579355032,0.0,0.0
980,0.0,0.2252543020383116,0.0,0.0
981,0.0,0.11185839788167802,0.0,0.0
982,0.0,0.15757415015716542,0.0,0.0
983,,0.09782096863717854,0.0,
984,0.0,0.22177265119836043,0.0,0.0
985,1.0,0.3955300045953481,0.0,3.050357143
986,,0.2346775258302277,0.0,
987,,0.32277508064671867,0.0,
988,0.0,0.1552714023236012,0.0,0.0
989,0.0,0.2121755834648894,0.0,0.0
990,1.0,0.10268766457136735,0.0,9.318214286
991,,0.3238384436635383,0.0,
992,0.0,0.20667044444948926,0.0,0.0
993,0.0,0.21767019157176792,0.0,0.0
994,,0.15704865618256347,0.0,
995,0.0,0.2231367894144835,0.0,0.0
996,,0.1250845549151385,0.0,
997,0.0,0.06880151222721954,0.0,0.0
998,0.0,0.15680394846688903,0.0,0.0
999,,0.29423009231416203,0.0,
1000,1.0,0.05428433588781336,0.0,11.71428571
1001,0.0,0.3084804467000693,0.0,0.0
1002,,0.28524313651780603,0.0,
1003,0.0,0.1359660891981296,0.0,0.0
1004,,0.12683262305256365,0.0,
1005,1.0,0.45348631132065187,0.0,10.96428571
1006,0.0,0.5865030419415612,1.0,0.0
1007,,1.0,1.0,10.743035710000001
1008,,0.1351471297726967,0.0,
1009,,0.999877968969729,1.0,10.743035710000001
1010,,0.12249841148775002,0.0,
1011,0.0,0.20206381605443535,0.0,0.0
1012,1.0,0.5152435351696053,1.0,2.107142857
1013,,0.22522178218195554,0.0,
1014,0.0,0.16816946709099564,0.0,0.0
1015,0.0,0.05523387639715541,0.0,0.0
1016,0.0,0.24100128419416378,0.0,0.0
1017,0.0,0.12479186999994592,0.0,0.0
1018,0.0,0.2137019431625147,0.0,0.0
1019,0.0,0.29289781357379696,0.0,0.0
1020,0.0,0.22351780822908987,0.0,0.0
1021,,0.10017836994732418,0.0,
1022,0.0,0.20994093027807623,0.0,0.0
1023,0.0,0.13461939091028147,0.0,0.0
1024,,0.1859815880656093,0.0,
1025,1.0,0.3005593805877919,0.0,12.96428571
1026,,0.15205522163423435,0.0,
1027,0.0,0.10831596192076781,0.0,0.0
1028,,0.19377863287219857,0.0,
1029,0.0,0.6221125906246255,1.0,0.0
1030,1.0,0.032568620969112144,0.0,8.428571429
1031,,0.37178684746952334,0.0,
1032,0.0,0.10170764824033474,0.0,0.0
1033,1.0,0.1256691065037405,0.0,2.7025
1034,0.0,0.3104173535675711,0.0,0.0
1035,1.0,0.15140025301163842,0.0,15.67857143
1036,0.0,0.9999999992700244,1.0,0.0
1037,,0.1734993461638508,0.0,
1038,0.0,0.24462598023864704,0.0,0.0
1039,,0.38660930265260507,0.0,
1040,0.0,0.05129931875448268,0.0,0.0
1041,1.0,0.3901573074247573,0.0,17.56321429
1042,0.0,0.10426282454645353,0.0,0.0
1043,0.0,0.27692487140769106,0.0,0.0
1044,0.0,0.13685123283349343,0.0,0.0
1045,0.0,0.14140397223584503,0.0,0.0
1046,0.0,0.08499815024786822,0.0,0.0
1047,,0.16200464519849533,0.0,
1048,0.0,0.12122260594794007,0.0,0.0
1049,,0.21066493149098267,0.0,
1050,,0.38089798608671027,0.0,
1051,,0.5850628605868899,1.0,10.743035710000001
1052,0.0,0.3577671950580077,0.0,0.0
1053,0.0,0.28093156331668423,0.0,0.0
1054,,0.21185664383061592,0.0,
1055,0.0,0.373054592325324,0.0,0.0
1056,1.0,0.304083354350025,0.0,12.0
1057,,0.09542514119010777,0.0,
1058,1.0,0.08806049874551883,0.0,27.32357143
1059,0.0,0.09767432630934017,0.0,0.0
1060,1.0,0.15368944991216413,0.0,4.913571429
1061,0.0,0.18290918349241903,0.0,0.0
1062,0.0,0.06577034255766451,0.0,0.0
1063,,0.43465872948397166,0.0,
1064,,0.4516435336602852,0.0,
1065,1.0,0.3196575977416884,0.0,8.571428571
1066,0.0,0.4365678630102624,0.0,0.0
1067,0.0,0.2614069783808127,0.0,0.0
1068,0.0,0.12445369665656676,0.0,0.0
1069,,0.09389580249410243,0.0,
1070,0.0,0.30329827149787747,0.0,0.0
1071,,0.36292508111638133,0.0,
1072,,0.04103239380389029,0.0,
1073,,0.6659533685139091,1.0,10.743035710000001
1074,,0.18440705818526723,0.0,
1075,0.0,0.15575052007583587,0.0,0.0
1076,,0.06992445785134628,0.0,
1077,,0.07249567131566284,0.0,
1078,1.0,0.3409412138407001,0.0,9.285714286
1079,1.0,0.09002175043779738,0.0,4.089285714
1080,,0.09109417893590126,0.0,
1081,0.0,0.47857421465397443,0.0,0.0
1082,,0.23189220286596993,0.0,
1083,1.0,0.30533264679818545,0.0,27.55178571
1084,0.0,0.22665680674190447,0.0,0.0
1085,0.0,0.5874490510767367,1.0,0.0
1086,,0.12619711896223176,0.0,
1087,0.0,0.6980910865989854,1.0,0.0
1088,,0.172385506239268,0.0,
1089,,0.12650950396219798,0.0,
1090,,0.2476086261081007,0.0,
1091,1.0,1.0,1.0,10.10714286
1092,,0.40924312838644805,0.0,
1093,,1.0,1.0,10.743035710000001
1094,0.0,0.28414469724859676,0.0,0.0
1095,,0.4192010121928822,0.0,
1096,,0.2777036407349536,0.0,
1097,,0.1173190335992201,0.0,
1098,,0.5482623222535473,1.0,10.743035710000001
1099,0.0,0.285430486218518,0.0,0.0
1100,0.0,0.34359144064553965,0.0,0.0
1101,,0.22011676143501752,0.0,
1102,,0.21825331979004933,0.0,
1103,0.0,0.15143379156808892,0.0,0.0
1104,1.0,0.7148192200633114,1.0,6.25
1105,,0.12735332912853842,0.0,
1106,0.0,0.22214508721794465,0.0,0.0
1107,,0.10207251423997653,0.0,
1108,0.0,0.13714586253874617,0.0,0.0
1109,0.0,0.15522872553501568,0.0,0.0
1110,,0.5554249982292256,1.0,10.743035710000001
1111,1.0,0.11458398689968516,0.0,23.75
1112,,0.08066230886534032,0.0,
1113,1.0,0.4743148809269999,0.0,15.86321429
1114,,0.1856979591284476,0.0,
1115,1.0,0.09686252511255847,0.0,12.86214286
1116,0.0,0.999997872102701,1.0,0.0
1117,1.0,0.5534779961906566,1.0,18.68464286
1118,0.0,0.31225585089398367,0.0,0.0
1119,,0.3195109054445946,0.0,
1120,,0.13034478406057903,0.0,
1121,1.0,0.317375990077893,0.0,15.38892857
1122,,0.20120664325833626,0.0,
1123,,0.2936521530916577,0.0,
1124,,0.15358360358330722,0.0,
1125,0.0,0.1843195198668473,0.0,0.0
1126,,0.20004101049414683,0.0,
1127,,0.20741811291571358,0.0,
1128,0.0,0.17376687217761289,0.0,0.0
1129,,0.07852570534044706,0.0,
1130,1.0,0.6657630235602848,1.0,16.92857143
1131,0.0,0.29045434422194477,0.0,0.0
1132,,0.6604464813704749,1.0,10.743035710000001
1133,,0.845385979230882,1.0,10.743035710000001
1134,,0.24646486571128498,0.0,
1135,0.0,0.3489711807632338,0.0,0.0
1136,,0.17839329676206625,0.0,
1137,0.0,0.46005753399057014,0.0,0.0
1138,,0.19234647606596128,0.0,
1139,,0.3415235325185197,0.0,
1140,0.0,0.14896030267728533,0.0,0.0
1141,0.0,0.09395269491666093,0.0,0.0
1142,0.0,0.17120087293172828,0.0,0.0
1143,0.0,0.1242468556009395,0.0,0.0
1144,0.0,1.0,1.0,0.0
1145,,0.8933102875032851,1.0,10.743035710000001
1146,,0.17045854734486343,0.0,
1147,,0.4335880873713778,0.0,
1148,,0.24359985145747268,0.0,
1149,0.0,0.6269700651389922,1.0,0.0
1150,,0.3282040098937867,0.0,
1151,1.0,0.23611999160898678,0.0,21.27107143
1152,0.0,0.28293655991954325,0.0,0.0
1153,,0.23375468138001135,0.0,
1154,0.0,0.37380159074573877,0.0,0.0
1155,1.0,0.3902106955801987,0.0,11.97642857
1156,,0.32903827657493023,0.0,
1157,0.0,0.040944788302001094,0.0,0.0
1158,0.0,0.14800171733696196,0.0,0.0
1159,1.0,0.376878175284509,0.0,4.830714286
1160,1.0,0.3639104925937298,0.0,17.99321429
1161,0.0,0.09857315436339216,0.0,0.0
1162,,0.30039800885411017,0.0,
1163,1.0,0.1718912701458351,0.0,7.635
1164,0.0,0.5382696300490852,1.0,0.0
1165,0.0,0.14359246577401377,0.0,0.0
1166,0.0,0.17568615368582371,0.0,0.0
1167,0.0,0.07090696596402508,0.0,0.0
1168,0.0,0.05070587946718399,0.0,0.0
1169,1.0,0.24115920236919078,0.0,46.39285714
1170,0.0,0.03092429901297738,0.0,0.0
1171,0.0,0.41510425017367786,0.0,0.0
1172,,0.4055158034058281,0.0,
1173,,0.13744846589595283,0.0,
1174,,0.3929527463810963,0.0,
1175,1.0,0.18968381738842785,0.0,12.78571429
1176,,0.11553141946161648,0.0,
1177,1.0,0.17469995203501462,0.0,15.07142857
1178,0.0,0.11336577909256922,0.0,0.0
1179,1.0,0.7347138807590414,1.0,15.78571429
1180,0.0,0.22656334174799256,0.0,0.0
1181,,0.27835513649085775,0.0,
1182,0.0,0.12076377857032432,0.0,0.0
1183,,0.2724759720635207,0.0,
1184,0.0,0.2658906384201494,0.0,0.0
1185,,0.4775330437321088,0.0,
1186,,0.17559650693648868,0.0,
1187,,0.3006647770385046,0.0,
1188,0.0,0.18645282141788674,0.0,0.0
1189,0.0,0.07811071414394749,0.0,0.0
1190,1.0,0.291790166472432,0.0,4.512142857
1191,1.0,0.09562641069561892,0.0,18.38285714
1192,,0.11083748317254155,0.0,
1193,0.0,0.11162892416245854,0.0,0.0
1194,,0.40109744391663343,0.0,
1195,1.0,0.34143390745841956,0.0,3.321428571
1196,1.0,0.19335227586569773,0.0,17.6625
1197,0.0,0.14459353963717275,0.0,0.0
1198,0.0,0.15380391177571914,0.0,0.0
1199,0.0,0.51274602306241,1.0,0.0
1200,,0.06571092309137372,0.0,
1201,,0.23394795986342584,0.0,
1202,0.0,0.17966807757741854,0.0,0.0
1203,0.0,0.31056057100491646,0.0,0.0
1204,,0.2849845660542298,0.0,
1205,0.0,0.31385378244259854,0.0,0.0
1206,0.0,0.2517145089215538,0.0,0.0
1207,,0.08502830051055674,0.0,
1208,0.0,0.27129292959867557,0.0,0.0
1209,1.0,0.1317625712031846,0.0,9.428571429
1210,,0.5571168475248706,1.0,10.743035710000001
1211,,0.30061217331970075,0.0,
1212,0.0,0.6675726312105136,1.0,0.0
1213,0.0,0.25090321049243103,0.0,0.0
1214,0.0,0.21832555107402485,0.0,0.0
1215,0.0,0.14101545782736966,0.0,0.0
1216,0.0,0.2943200696258696,0.0,0.0
1217,0.0,0.1344015566110746,0.0,0.0
1218,,0.09336706018718406,0.0,
1219,0.0,0.12260695098435746,0.0,0.0
1220,1.0,0.07895098262506667,0.0,4.251428571
1221,0.0,0.16851226950491965,0.0,0.0
1222,,0.13084652930336785,0.0,
1223,1.0,0.24349436873740626,0.0,18.0525
1224,0.0,0.2784972951914042,0.0,0.0
1225,,0.19866657909744825,0.0,
1226,,0.5756269616717977,1.0,10.743035710000001
1227,,0.07494303528860433,0.0,
1228,,0.20772338522525743,0.0,
1229,,0.2558917341114541,0.0,
1230,0.0,0.553753239232127,1.0,0.0
1231,1.0,0.28963804305213153,0.0,24.43464286
1232,0.0,0.3042176641917285,0.0,0.0
1233,0.0,0.21206666646215921,0.0,0.0
1234,,0.4286852074276144,0.0,
1235,0.0,0.1453804972321391,0.0,0.0
1236,0.0,0.17166590124102438,0.0,0.0
1237,,0.14999622717021252,0.0,
1238,1.0,0.14173321158042218,0.0,12.6725
1239,0.0,0.14651212142024128,0.0,0.0
1240,,0.47675728718248755,0.0,
1241,,0.15400118983259622,0.0,
1242,,0.5184175933365962,1.0,10.743035710000001
1243,,0.5860910441787386,1.0,10.743035710000001
1244,,0.15357152043203354,0.0,
1245,0.0,0.24097606635412608,0.0,0.0
1246,1.0,0.1355786916781777,0.0,4.785714286
1247,0.0,1.0,1.0,0.0
1248,,0.673726912462145,1.0,10.743035710000001
1249,,0.1386897241149861,0.0,
1250,,0.1500797320667681,0.0,
1251,,0.13275446899608492,0.0,
1252,,0.10764737636599964,0.0,
1253,1.0,0.15009529719787992,0.0,11.49607143
1254,1.0,0.2684355471685538,0.0,2.107142857
1255,0.0,0.10394609547944847,0.0,0.0
1256,0.0,0.2796326005950929,0.0,0.0
1257,,0.24700487312844407,0.0,
1258,0.0,0.1364697326170991,0.0,0.0
1259,1.0,0.6786766985729356,1.0,12.65928571
1260,,0.057841196117130574,0.0,
1261,1.0,0.40275927665109357,0.0,6.163571429
1262,,0.11718463165588555,0.0,
1263,,0.7885833086089616,1.0,10.743035710000001
1264,0.0,0.10347064382291432,0.0,0.0
1265,1.0,0.1752829654253795,0.0,17.17535714
1266,0.0,0.28279989261370153,0.0,0.0
1267,1.0,0.19076238250644556,0.0,21.82071429
1268,1.0,0.2791948253023006,0.0,20.34357143
1269,0.0,0.14382507484962168,0.0,0.0
1270,,0.34489520562658765,0.0,
1271,,0.04818881536190017,0.0,
1272,0.0,0.1807653946796632,0.0,0.0
1273,0.0,0.28479536604602745,0.0,0.0
1274,0.0,0.37013014099747565,0.0,0.0
1275,0.0,0.24405643730170037,0.0,0.0
1276,0.0,0.17116289396698112,0.0,0.0
1277,0.0,0.24409441346239294,0.0,0.0
1278,,0.022019477624327315,0.0,
1279,0.0,0.17813326420091857,0.0,0.0
1280,,0.06338616627386949,0.0,
1281,,0.11646271714559822,0.0,
1282,0.0,0.15919122111209041,0.0,0.0
1283,0.0,0.21611677912018307,0.0,0.0
1284,1.0,0.28577978927083814,0.0,15.03571429
1285,0.0,0.24422869129309974,0.0,0.0
1286,0.0,0.2510845787024744,0.0,0.0
1287,0.0,0.22616423080932926,0.0,0.0
1288,,0.0928146869219161,0.0,
1289,,0.07750248518749771,0.0,
1290,0.0,0.1876196689681867,0.0,0.0
1291,1.0,0.10682925386580062,0.0,11.10142857
1292,1.0,0.18271115440656693,0.0,17.67678571
1293,1.0,0.11868221724712465,0.0,11.54607143
1294,0.0,0.21780595712044545,0.0,0.0
1295,,0.437501462890245,0.0,
1296,,0.38370144193548184,0.0,
1297,,0.4739890727819688,0.0,
1298,1.0,0.4069188134016469,0.0,25.24321429
1299,1.0,0.23979916011201852,0.0,13.11928571
1300,,0.4930267588998744,0.0,
1301,0.0,0.2484766827522649,0.0,0.0
1302,0.0,0.09263630081060198,0.0,0.0
1303,0.0,0.0824757896656584,0.0,0.0
1304,,0.11473433469479871,0.0,
1305,0.0,0.34496794922529866,0.0,0.0
1306,0.0,0.21559918879639678,0.0,0.0
1307,0.0,0.5023982836982633,1.0,0.0
1308,1.0,0.34382460285455413,0.0,12.96107143
1309,0.0,0.4625691253135894,0.0,0.0
1310,,0.13315390030610466,0.0,
1311,0.0,0.27989486032603467,0.0,0.0
1312,0.0,0.1395282005740404,0.0,0.0
1313,,0.16321605942552536,0.0,
1314,,0.1515164778695126,0.0,
1315,0.0,0.3508085907433642,0.0,0.0
1316,1.0,0.05999008721568954,0.0,3.3175
1317,0.0,0.2740911446367856,0.0,0.0
1318,0.0,0.18378149454494408,0.0,0.0
1319,,0.26192543425981574,0.0,
1320,,0.4417418129552638,0.0,
1321,,0.3698379514875304,0.0,
1322,0.0,0.25929314935110775,0.0,0.0
1323,1.0,0.3014293260983872,0.0,9.928571429
1324,,0.49415297082537324,0.0,
1325,0.0,0.04584344510918066,0.0,0.0
1326,,0.1836183887918651,0.0,
1327,0.0,0.09475534715911131,0.0,0.0
1328,0.0,0.2378208452181405,0.0,0.0
1329,1.0,0.7831396586372555,1.0,7.964285714
1330,0.0,0.026251630810223317,0.0,0.0
1331,,0.14877874148673392,0.0,
1332,,0.741705943421402,1.0,10.743035710000001
1333,0.0,0.2300441489018965,0.0,0.0
1334,0.0,0.28753742740032623,0.0,0.0
1335,0.0,0.2912490902490164,0.0,0.0
1336,,0.1981330378217774,0.0,
1337,0.0,0.36495113589585015,0.0,0.0
1338,0.0,0.1701729684989682,0.0,0.0
1339,,0.11431494516304112,0.0,
1340,0.0,0.26562980534901026,0.0,0.0
1341,,0.14761106608382704,0.0,
1342,1.0,0.1595398425019252,0.0,16.15321429
1343,,0.46252195994167616,0.0,
1344,0.0,0.1291169596283763,0.0,0.0
1345,1.0,0.4144470427950838,0.0,14.2075
1346,0.0,0.1643772415248483,0.0,0.0
1347,1.0,0.2347795319163799,0.0,21.03571429
1348,0.0,0.04377522752762258,0.0,0.0
1349,,0.2600572931574954,0.0,
1350,1.0,0.4992165742182996,0.0,8.952142857
1351,0.0,0.13486479415525152,0.0,0.0
1352,0.0,0.1468795057631739,0.0,0.0
1353,0.0,0.13917575340955465,0.0,0.0
1354,,0.10714870830918186,0.0,
1355,1.0,1.0,1.0,5.857142857
1356,,0.2585471299366283,0.0,
1357,,0.34980582238307684,0.0,
1358,,0.1784236597950565,0.0,
1359,,0.04209699533775554,0.0,
1360,,0.21210503611745016,0.0,
1361,0.0,0.09513119107541244,0.0,0.0
1362,0.0,0.019736836467164457,0.0,0.0
1363,,0.12681919522088206,0.0,
1364,1.0,0.32888841170438304,0.0,22.70392857
1365,,0.07584985598482243,0.0,
1366,,0.30346867074685496,0.0,
1367,0.0,0.16741353543083248,0.0,0.0
1368,0.0,0.09675506632870419,0.0,0.0
1369,0.0,0.34501512727731043,0.0,0.0
1370,,0.19524049345239794,0.0,
1371,0.0,0.13522614461202898,0.0,0.0
1372,1.0,0.13496302995554532,0.0,10.46428571
1373,,0.2634306579400808,0.0,
1374,,0.48512745995231565,0.0,
1375,0.0,0.22223987222979263,0.0,0.0
1376,1.0,0.3892923721793839,0.0,3.571428571
1377,,0.2528383206841566,0.0,
1378,0.0,0.34270241855278544,0.0,0.0
1379,0.0,0.2079909881994969,0.0,0.0
1380,,0.17556946261838416,0.0,
1381,0.0,0.3974488845870803,0.0,0.0
1382,0.0,0.2748247383198655,0.0,0.0
1383,0.0,0.08585042132880787,0.0,0.0
1384,0.0,0.4116314556792251,0.0,0.0
1385,,0.15777262993005564,0.0,
1386,0.0,0.039298089039897996,0.0,0.0
1387,0.0,0.25939224505347075,0.0,0.0
1388,0.0,0.06851500754479818,0.0,0.0
1389,,0.09337225341447077,0.0,
1390,,0.3379678084243963,0.0,
1391,1.0,0.16982663273983972,0.0,4.25
1392,1.0,0.16586301185137348,0.0,1.75
1393,,0.3361516571144956,0.0,
1394,0.0,0.2673216823038599,0.0,0.0
1395,,0.1679128904812641,0.0,
1396,0.0,0.13990386825589993,0.0,0.0
1397,0.0,0.454912252638384,0.0,0.0
1398,,0.44346236455254445,0.0,
1399,1.0,0.7155476637964687,1.0,11.17857143
1400,0.0,0.19312462782613246,0.0,0.0
1401,0.0,0.0559955919189631,0.0,0.0
1402,0.0,0.33729163019779423,0.0,0.0
1403,1.0,0.060840941815872164,0.0,17.21428571
1404,0.0,0.2787192037812674,0.0,0.0
1405,,0.1481571211953694,0.0,
1406,0.0,0.1409866182914463,0.0,0.0
1407,,0.2201056884143068,0.0,
1408,0.0,0.034132548115296965,0.0,0.0
1409,1.0,0.4121413437503637,0.0,4.852142857
1410,,0.013832841589792312,0.0,
1411,0.0,0.1466963104821903,0.0,0.0
1412,0.0,0.3832630327595899,0.0,0.0
1413,0.0,0.0314245040879034,0.0,0.0
1414,,0.05084734845320614,0.0,
1415,0.0,0.037619911828435805,0.0,0.0
1416,,0.2746421127632395,0.0,
1417,0.0,0.06354065320940279,0.0,0.0
1418,0.0,0.1415722217913362,0.0,0.0
1419,,0.05330927416466672,0.0,
1420,,0.1835954094773331,0.0,
1421,,0.22536284003143925,0.0,
1422,,0.09082184083148542,0.0,
1423,0.0,0.19002412458062884,0.0,0.0
1424,,0.24661470223898294,0.0,
1425,1.0,0.2785062985737823,0.0,24.25
1426,,0.2650732307333069,0.0,
1427,1.0,0.24694050700298567,0.0,10.35714286
1428,0.0,0.083005361120224,0.0,0.0
1429,0.0,0.6060241533053355,1.0,0.0
1430,,0.22026886628836578,0.0,
1431,1.0,0.2728072354803014,0.0,16.47642857
1432,0.0,0.2987275540687492,0.0,0.0
1433,,0.2126235440511344,0.0,
1434,0.0,0.06071550182796308,0.0,0.0
1435,,0.1619450799189835,0.0,
1436,1.0,0.20371034018753736,0.0,2.107142857
1437,0.0,0.21873921223284232,0.0,0.0
1438,1.0,0.2417818836515419,0.0,13.82071429
1439,0.0,0.14899066431935848,0.0,0.0
1440,,0.2523104701741679,0.0,
1441,,0.21961996117247776,0.0,
1442,1.0,0.506355502575577,1.0,15.8
1443,,0.3122095406724436,0.0,
1444,,0.14228037249250078,0.0,
1445,,0.024614546339419265,0.0,
1446,,0.1474678176094249,0.0,
1447,,0.39078757467704,0.0,
1448,,0.2131079741932604,0.0,
1449,,0.05946461273856412,0.0,
1450,0.0,0.20219334908881412,0.0,0.0
1451,0.0,0.11539407306812621,0.0,0.0
1452,0.0,0.09949780409170281,0.0,0.0
1453,0.0,0.25904785632668786,0.0,0.0
1454,0.0,0.392788161040212,0.0,0.0
1455,,0.3113986391899005,0.0,
1456,0.0,0.4810699878264534,0.0,0.0
1457,,0.09657930915700781,0.0,
1458,,0.3460208848988597,0.0,
1459,0.0,0.2253091271524199,0.0,0.0
1460,,0.2039713442323602,0.0,
1461,0.0,0.35937661208798477,0.0,0.0
1462,0.0,0.17984064999491087,0.0,0.0
1463,1.0,0.2007297587425074,0.0,11.78571429
1464,0.0,0.2859175858036651,0.0,0.0
1465,,0.27187724278852243,0.0,
1466,,0.2748740998355731,0.0,
1467,1.0,0.0928673993560254,0.0,5.071428571
1468,,0.24130976417586542,0.0,
1469,0.0,0.07422270591531736,0.0,0.0
1470,1.0,0.26655365792441543,0.0,4.25
1471,0.0,0.17170665901933949,0.0,0.0
1472,0.0,0.5142713497641501,1.0,0.0
1473,0.0,0.09880271701952356,0.0,0.0
1474,,0.07534665990378416,0.0,
1475,,0.19414108852907278,0.0,
1476,0.0,0.39114578852843934,0.0,0.0
1477,0.0,0.2740431254400809,0.0,0.0
1478,,0.29714108095132763,0.0,
1479,0.0,0.18539623261981145,0.0,0.0
1480,,0.30023874500925235,0.0,
1481,0.0,0.15000355709290616,0.0,0.0
1482,,0.4229608513082781,0.0,
1483,1.0,0.17678325580485205,0.0,11.71821429
1484,1.0,0.4765968478155555,0.0,8.7225
1485,,0.05869124908538083,0.0,
1486,0.0,0.16553432692611966,0.0,0.0
1487,,0.01989862093954539,0.0,
1488,1.0,0.7153379496487385,1.0,6.071428571
1489,,0.11727021390841881,0.0,
1490,0.0,0.34530673644416415,0.0,0.0
1491,,0.14873377546966093,0.0,
1492,0.0,0.5408372906626984,1.0,0.0
1493,,0.22070954725815956,0.0,
1494,,0.36576371250616957,0.0,
1495,1.0,0.0873898118489005,0.0,5.920357143
1496,0.0,0.16397747501649998,0.0,0.0
1497,,0.34442670359344824,0.0,
1498,,0.24711078961242214,0.0,
1499,1.0,0.8701269303982944,1.0,7.107142857
1500,1.0,0.1963880076931939,0.0,6.571428571
1501,,0.15082669622227263,0.0,
1502,1.0,0.3909722495322027,0.0,5.368928571
1503,,0.23310561380276326,0.0,
1504,,0.18958661690665382,0.0,
1505,0.0,0.2622754461222788,0.0,0.0
1506,1.0,0.34881562801076565,0.0,1.785714286
1507,,0.9957467245744188,1.0,10.743035710000001
1508,,0.050890745409055506,0.0,
1509,,0.06660899883455194,0.0,
1510,,0.571037380470982,1.0,10.743035710000001
1511,,0.5757582536609933,1.0,10.743035710000001
1512,,0.18221842303422373,0.0,
1513,1.0,0.6582416229729781,1.0,13.31571429
1514,1.0,0.33712388664475645,0.0,13.51607143
1515,0.0,0.07544544342744064,0.0,0.0
1516,,0.23149929003595004,0.0,
1517,1.0,0.24448401669661418,0.0,13.92857143
1518,,0.341052711207067,0.0,
1519,0.0,0.3815195419527673,0.0,0.0
1520,,0.2634036119648436,0.0,
1521,,0.16588372117986586,0.0,
1522,0.0,0.07117271544417826,0.0,0.0
1523,0.0,0.14095342221102364,0.0,0.0
1524,1.0,0.38098458014735936,0.0,31.80142857
1525,,0.050965858677714235,0.0,
1526,,0.08866791015280116,0.0,
1527,1.0,0.32694222219915464,0.0,6.678571429
1528,0.0,0.1832000271779944,0.0,0.0
1529,0.0,0.046869538152417976,0.0,0.0
1530,,0.19404958811100062,0.0,
1531,0.0,0.6170793792345292,1.0,0.0
1532,0.0,0.19148206040200086,0.0,0.0
1533,0.0,0.33141540839110106,0.0,0.0
1534,1.0,0.030710151602415373,0.0,21.89285714
1535,0.0,0.26235101212321543,0.0,0.0
1536,0.0,0.2130274893088797,0.0,0.0
1537,1.0,0.19076211694886291,0.0,3.892857143
1538,1.0,1.0,1.0,9.964285714
1539,0.0,0.34928298200047087,0.0,0.0
1540,,0.12914057921211408,0.0,
1541,,0.2151109448949165,0.0,
1542,0.0,0.999999992569365,1.0,0.0
1543,,0.25510535785722543,0.0,
1544,,0.14901531470732238,0.0,
1545,0.0,0.18186571840495128,0.0,0.0
1546,,0.08261914444480296,0.0,
1547,0.0,0.14849365626009672,0.0,0.0
1548,0.0,0.18439423116490622,0.0,0.0
1549,1.0,0.043234747457212966,0.0,133.2753571
1550,,0.11013924569248644,0.0,
1551,,0.6360442229569782,1.0,10.743035710000001
1552,0.0,0.11629335956658503,0.0,0.0
1553,,0.2883270269318838,0.0,
1554,0.0,0.10120773299888385,0.0,0.0
1555,1.0,0.2550711260133877,0.0,12.35714286
1556,0.0,0.3601246013342551,0.0,0.0
1557,1.0,0.3438249345811172,0.0,8.107142857
1558,1.0,0.20676598422024928,0.0,8.5
1559,,0.3060386944074395,0.0,
1560,0.0,0.9999999958121399,1.0,0.0
1561,1.0,0.12322410762907135,0.0,4.214285714
1562,,0.19646302209692543,0.0,
1563,1.0,0.29906665216691486,0.0,10.77178571
1564,1.0,0.5614020636030749,1.0,6.928571429
1565,1.0,0.19119724523553927,0.0,15.71428571
1566,,0.16111700182987077,0.0,
1567,0.0,0.39507143449625964,0.0,0.0
1568,0.0,0.31773582318005916,0.0,0.0
1569,,0.9999983779838234,1.0,10.743035710000001
1570,0.0,0.4569094658943384,0.0,0.0
1571,0.0,0.09653016444824614,0.0,0.0
1572,0.0,1.0,1.0,0.0
1573,0.0,0.3354737642108344,0.0,0.0
1574,1.0,0.16631949650283237,0.0,3.943571429
1575,0.0,0.18294487172788268,0.0,0.0
1576,0.0,0.39509364744837383,0.0,0.0
1577,0.0,0.10323424698607274,0.0,0.0
1578,,0.25397240836369644,0.0,
1579,1.0,0.05836421891358334,0.0,4.388928571
1580,0.0,0.09359772236560047,0.0,0.0
1581,0.0,0.27143928445595394,0.0,0.0
1582,1.0,0.6400060167782821,1.0,12.17071429
1583,1.0,0.18590823758568653,0.0,30.25
1584,1.0,0.6118905748399591,1.0,5.083571429
1585,1.0,0.185954088956903,0.0,16.54785714
1586,,0.5413588671050368,1.0,10.743035710000001
1587,,0.10979119299272627,0.0,
1588,,0.11732197563262636,0.0,
1589,,0.4768264968972594,0.0,
1590,1.0,0.13645879612530562,0.0,4.607142857
1591,1.0,0.38600898364736685,0.0,18.53571429
1592,1.0,0.2160971051021127,0.0,12.5
1593,0.0,0.04847504024505417,0.0,0.0
1594,,0.2726987901866954,0.0,
1595,1.0,0.2298025336896491,0.0,16.14285714
1596,1.0,0.9999999999724505,1.0,9.821428571
1597,,0.2394353342117044,0.0,
1598,,0.05594890949149863,0.0,
1599,,0.1951860088260577,0.0,
1600,1.0,0.09156166668198876,0.0,9.214285714
1601,0.0,0.33264637013017956,0.0,0.0
1602,0.0,0.09000078546331962,0.0,0.0
1603,,0.24281222464025898,0.0,
1604,,0.2872956898023344,0.0,
1605,0.0,0.23834759755737286,0.0,0.0
1606,,0.16386581193452082,0.0,
1607,0.0,0.09084608067540698,0.0,0.0
1608,0.0,0.2626033481888541,0.0,0.0
1609,,0.2072095844913908,0.0,
1610,,0.4176238832699419,0.0,
1611,,0.583950794852106,1.0,10.743035710000001
1612,0.0,0.3125012090580356,0.0,0.0
1613,0.0,0.1608276838436025,0.0,0.0
1614,,0.41254217357590856,0.0,
1615,0.0,0.23216463307349006,0.0,0.0
