Client,Sale_MF,Predicted_Probability_Sale_MF,Predicted_Sale_MF,Revenue_MF
1,1.0,0.41995707150374395,0.0,26.97267857
2,0.0,0.4585305072239993,0.0,0.0
3,,0.5162410679065058,1.0,3.079821429
4,,0.40829330761641563,0.0,
5,,0.44451749640697613,0.0,
6,0.0,0.5273178178458445,1.0,0.0
7,,0.521241694036492,1.0,3.079821429
8,0.0,0.4250036985937923,0.0,0.0
9,,0.4097069225162354,0.0,
10,,0.26792804369644313,0.0,
11,,0.41695413081846944,0.0,
12,,0.4347414402718072,0.0,
13,0.0,0.45676574813998216,0.0,0.0
14,0.0,0.44829330761641567,0.0,0.0
15,0.0,0.5007301602426252,1.0,0.0
16,,0.39035179304748413,0.0,
17,0.0,0.4715367601696779,0.0,0.0
18,,0.4612293715431268,0.0,
19,,0.34115103723094903,0.0,
20,0.0,0.33670415036758344,0.0,0.0
21,0.0,0.42243280585323023,0.0,0.0
22,0.0,0.4774535603336873,0.0,0.0
23,0.0,0.4634974514052086,0.0,0.0
24,,0.4780816943251569,0.0,
25,,0.509016512459842,1.0,3.079821429
26,0.0,0.5101567908151118,1.0,0.0
27,1.0,0.504463765979311,1.0,220.4882143
28,,0.3800143111427865,0.0,
29,0.0,0.4790951197730393,0.0,0.0
30,,0.48443405164525616,0.0,
31,0.0,0.4147414402718072,0.0,0.0
32,,0.45393260202455127,0.0,
33,0.0,0.34746826484702054,0.0,0.0
34,1.0,0.4845174964069761,0.0,0.601071429
35,0.0,0.4420718553356365,0.0,0.0
36,1.0,0.4295771770940992,0.0,0.238035714
37,0.0,0.4386569946437906,0.0,0.0
38,0.0,0.44074168519753665,0.0,0.0
39,,0.4694440585714337,0.0,
40,0.0,0.37392950684690646,0.0,0.0
41,,0.5210150217420867,1.0,3.079821429
42,1.0,0.5541118221215635,1.0,15.27571429
43,1.0,0.4812293715431268,0.0,73.04178571
44,0.0,0.33034869786983934,0.0,0.0
45,0.0,0.25708150577227157,0.0,0.0
46,0.0,0.4245174964069761,0.0,0.0
47,0.0,0.36949954916782296,0.0,0.0
48,0.0,0.5714930705381501,1.0,0.0
49,0.0,0.504463765979311,1.0,0.0
50,0.0,0.31123820447164624,0.0,0.0
51,,0.29123820447164617,0.0,
52,0.0,0.3383501885875947,0.0,0.0
53,0.0,0.48103341490633544,0.0,0.0
54,,0.4649556215362247,0.0,
55,,0.4035689149971762,0.0,
56,0.0,0.48140688926664876,0.0,0.0
57,,0.5311723288550576,1.0,3.079821429
58,0.0,0.4677822233894521,0.0,0.0
59,,0.504463765979311,1.0,3.079821429
60,0.0,0.504463765979311,1.0,0.0
61,,0.32212599979703427,0.0,
62,,0.4449556215362247,0.0,
63,,0.41853250386225177,0.0,
64,,0.4190312169731753,0.0,
65,0.0,0.5115930585705017,1.0,0.0
66,0.0,0.3353530744783808,0.0,0.0
67,0.0,0.45250724395510383,0.0,0.0
68,0.0,0.3960971850729099,0.0,0.0
69,1.0,0.4147414402718072,0.0,42.71660714
70,,0.3847134530437674,0.0,
71,0.0,0.40001431114278646,0.0,0.0
72,0.0,0.4297069225162355,0.0,0.0
73,0.0,0.4348012478840086,0.0,0.0
74,,0.49246525669706626,0.0,
75,1.0,0.5310490738240876,1.0,0.004821429
76,0.0,0.45250724395510383,0.0,0.0
77,,0.4147414402718072,0.0,
78,0.0,0.39618126029430445,0.0,0.0
79,0.0,0.33779987516690435,0.0,0.0
80,0.0,0.5096387748664979,1.0,0.0
81,0.0,0.32212599979703427,0.0,0.0
82,0.0,0.4790446929570291,0.0,0.0
83,0.0,0.49619651267530945,0.0,0.0
84,,0.2771769578723714,0.0,
85,0.0,0.4287314327456642,0.0,0.0
86,1.0,0.4297069225162354,0.0,1.457321429
87,1.0,0.4795595253166469,0.0,3.875178571
88,0.0,0.5355480898769536,1.0,0.0
89,,0.3583601413192492,0.0,
90,0.0,0.4466467421919183,0.0,0.0
91,,0.6111170723388095,1.0,3.079821429
92,0.0,0.4780816943251569,0.0,0.0
93,0.0,0.3708436486043979,0.0,0.0
94,,0.3501374432464441,0.0,
95,0.0,0.45393260202455127,0.0,0.0
96,0.0,0.4510254366745691,0.0,0.0
97,,0.44451749640697613,0.0,
98,,0.3755674242794209,0.0,
99,,0.5481940807193356,1.0,3.079821429
100,,0.4774106186712308,0.0,
101,,0.4435158015137275,0.0,
102,1.0,0.4812293715431268,0.0,2.958035714
103,0.0,0.32212599979703427,0.0,0.0
104,,0.3983532837652395,0.0,
105,,0.5372145821938561,1.0,3.079821429
106,0.0,0.5486868775144679,1.0,0.0
107,0.0,0.31123820447164624,0.0,0.0
108,0.0,0.4200092747169053,0.0,0.0
109,,0.4412293715431268,0.0,
110,,0.41853250386225177,0.0,
111,,0.52376297599133,1.0,3.079821429
112,0.0,0.509016512459842,1.0,0.0
113,0.0,0.5201012322858165,1.0,0.0
114,0.0,0.5419004471970529,1.0,0.0
115,,0.4687314327456643,0.0,
116,0.0,0.47201538839818996,0.0,0.0
117,,0.5007508727245805,1.0,3.079821429
118,0.0,0.3872732626146481,0.0,0.0
119,,0.5045620516381725,1.0,3.079821429
120,0.0,0.43952151434765413,0.0,0.0
121,,0.4072732626146481,0.0,
122,1.0,0.39179161306998134,0.0,3.293035714
123,0.0,0.47201538839818996,0.0,0.0
124,,0.39179161306998134,0.0,
125,,0.4974106186712308,0.0,
126,,0.4117916130699813,0.0,
127,1.0,0.39179161306998134,0.0,19.35464286
128,,0.3800143111427865,0.0,
129,1.0,0.4035689149971762,0.0,28.29553571
130,1.0,0.4829204921988204,0.0,0.067142857
131,1.0,0.42072994202790887,0.0,3.138928571
132,1.0,0.29237493055980873,0.0,1.473214286
133,,0.32212599979703427,0.0,
134,0.0,0.4849556215362248,0.0,0.0
135,,0.3693124004770491,0.0,
136,0.0,0.39179161306998134,0.0,0.0
137,0.0,0.4761812602943044,0.0,0.0
138,,0.4806879547698715,0.0,
139,0.0,0.4466816728098765,0.0,0.0
140,,0.42752394630362806,0.0,
141,,0.4960804485331309,0.0,
142,0.0,0.4449556215362247,0.0,0.0
143,1.0,0.47363480746179126,0.0,5.416428571
144,,0.5201012322858165,1.0,3.079821429
145,,0.4548248850335272,0.0,
146,,0.6112874462323908,1.0,3.079821429
147,0.0,0.393482733725675,0.0,0.0
148,1.0,0.5486868775144679,1.0,4.234464286
149,0.0,0.504463765979311,1.0,0.0
150,,0.48693182190609613,0.0,
151,,0.4510490738240876,0.0,
152,,0.43695413081846934,0.0,
153,,0.44451749640697613,0.0,
154,,0.47784113940143946,0.0,
155,,0.5849409604971055,1.0,3.079821429
156,0.0,0.40280017062860507,0.0,0.0
157,0.0,0.4747414402718072,0.0,0.0
158,0.0,0.4224269342684163,0.0,0.0
159,0.0,0.3979296205890406,0.0,0.0
160,0.0,0.4780816943251569,0.0,0.0
161,,0.48679975716625323,0.0,
162,0.0,0.437018944415816,0.0,0.0
163,0.0,0.36636163203700456,0.0,0.0
164,,0.41690957558727304,0.0,
165,,0.4200647379587966,0.0,
166,,0.45393260202455127,0.0,
167,1.0,0.43618126029430443,0.0,1.703214286
168,,0.35292833915814387,0.0,
169,,0.4412293715431268,0.0,
170,,0.36757437311963814,0.0,
171,1.0,0.4412293715431268,0.0,6.762142857
172,0.0,0.34724118590715686,0.0,0.0
173,0.0,0.32212599979703427,0.0,0.0
174,,0.4022930626906862,0.0,
175,,0.3851987008261647,0.0,
176,,0.4791446809893809,0.0,
177,0.0,0.4287314327456642,0.0,0.0
178,1.0,0.30943219316753073,0.0,1.581428571
179,0.0,0.38844632259075057,0.0,0.0
180,,0.4259311113067959,0.0,
181,0.0,0.3975990013497181,0.0,0.0
182,1.0,0.46292049219882037,0.0,5.793928571
183,,0.4974535603336873,0.0,
184,0.0,0.3345987920628594,0.0,0.0
185,1.0,0.39080851890037016,0.0,1.545357143
186,0.0,0.3946272717722661,0.0,0.0
187,1.0,0.5310490738240876,1.0,2.701071429
188,,0.4812293715431268,0.0,
189,0.0,0.4849556215362248,0.0,0.0
190,0.0,0.4585305072239993,0.0,0.0
191,0.0,0.4494520696159319,0.0,0.0
192,0.0,0.42778222338945204,0.0,0.0
193,0.0,0.34065918167403525,0.0,0.0
194,0.0,0.504463765979311,1.0,0.0
195,0.0,0.3755674242794209,0.0,0.0
196,,0.33124407605646,0.0,
197,,0.4804641794416628,0.0,
198,0.0,0.46558214195895453,0.0,0.0
199,,0.4591446809893809,0.0,
200,,0.5671032300446798,1.0,3.079821429
201,,0.47317831960902984,0.0,
202,0.0,0.4200092747169053,0.0,0.0
203,1.0,0.4503779981701615,0.0,0.641607143
204,0.0,0.4176674119451492,0.0,0.0
205,0.0,0.4017054317984801,0.0,0.0
206,,0.27804043009062174,0.0,
207,,0.504463765979311,1.0,3.079821429
208,0.0,0.2653492291291664,0.0,0.0
209,1.0,0.4287314327456642,0.0,0.260714286
210,0.0,0.4748248850335271,0.0,0.0
211,,0.5103301393273102,1.0,3.079821429
212,0.0,0.4613267025072737,0.0,0.0
213,0.0,0.5148274530066861,1.0,0.0
214,,0.4347414402718072,0.0,
215,0.0,0.4017054317984801,0.0,0.0
216,,0.504463765979311,1.0,3.079821429
217,,0.37392950684690646,0.0,
218,0.0,0.5015916419527353,1.0,0.0
219,0.0,0.48868687751446793,0.0,0.0
220,0.0,0.39179161306998134,0.0,0.0
221,0.0,0.42148422444343026,0.0,0.0
222,1.0,0.3329908781687611,0.0,8.917321429
223,,0.37339952696407963,0.0,
224,,0.5444637659793109,1.0,3.079821429
225,0.0,0.33202811753701356,0.0,0.0
226,,0.4287314327456642,0.0,
227,,0.42778222338945204,0.0,
228,,0.3741186796755733,0.0,
229,,0.4806879547698715,0.0,
230,0.0,0.4200092747169053,0.0,0.0
231,,0.4385172514812467,0.0,
232,,0.3870327076909307,0.0,
233,,0.504463765979311,1.0,3.079821429
234,0.0,0.4097069225162354,0.0,0.0
235,,0.39289320945411615,0.0,
236,0.0,0.37609718507291,0.0,0.0
237,,0.32212599979703427,0.0,
238,0.0,0.39289320945411615,0.0,0.0
239,,0.5071548665847309,1.0,3.079821429
240,,0.5324652566970662,1.0,3.079821429
241,0.0,0.447241185907157,0.0,0.0
242,0.0,0.3821522049197116,0.0,0.0
243,,0.5045174964069762,1.0,3.079821429
244,1.0,0.4218575055345964,0.0,9.155357143
245,0.0,0.47721458219385615,0.0,0.0
246,,0.4574535603336873,0.0,
247,0.0,0.3609366874299089,0.0,0.0
248,0.0,0.5069318219060961,1.0,0.0
249,0.0,0.3872732626146481,0.0,0.0
250,0.0,0.49955057338079845,0.0,0.0
251,0.0,0.3072628396273308,0.0,0.0
252,0.0,0.26323572778469495,0.0,0.0
253,0.0,0.39179161306998134,0.0,0.0
254,0.0,0.4849556215362248,0.0,0.0
255,,0.4095447019046957,0.0,
256,0.0,0.5395505733807985,1.0,0.0
257,,0.39179161306998134,0.0,
258,,0.35013157166163034,0.0,
259,0.0,0.5183316300450656,1.0,0.0
260,,0.4282319727897104,0.0,
261,,0.39179161306998134,0.0,
262,0.0,0.3979296205890406,0.0,0.0
263,,0.4287314327456642,0.0,
264,0.0,0.4790951197730393,0.0,0.0
265,,0.504463765979311,1.0,3.079821429
266,,0.41440606441721634,0.0,
267,,0.6228503983585457,1.0,3.079821429
268,0.0,0.647004196416747,1.0,0.0
269,0.0,0.37906634667720307,0.0,0.0
270,,0.4780816943251569,0.0,
271,0.0,0.33790341546636316,0.0,0.0
272,0.0,0.42873143274566433,0.0,0.0
273,,0.3495529554007665,0.0,
274,,0.4035689149971762,0.0,
275,0.0,0.43770841323399073,0.0,0.0
276,,0.5600227507007591,1.0,3.079821429
277,0.0,0.4449556215362247,0.0,0.0
278,1.0,0.39179161306998134,0.0,6.188392857
279,0.0,0.33034869786983934,0.0,0.0
280,0.0,0.26638418218941323,0.0,0.0
281,0.0,0.46938804644654064,0.0,0.0
282,0.0,0.3590663466772031,0.0,0.0
283,,0.3289022132847038,0.0,
284,0.0,0.4147414402718072,0.0,0.0
285,0.0,0.45695413081846936,0.0,0.0
286,,0.3792396951894016,0.0,
287,1.0,0.4618575055345964,0.0,18.48678571
288,0.0,0.3708514605628267,0.0,0.0
289,,0.4515172922314828,0.0,
290,0.0,0.4385172514812467,0.0,0.0
291,0.0,0.39179161306998134,0.0,0.0
292,1.0,0.4747414402718072,0.0,0.64125
293,,0.5079439992728345,1.0,3.079821429
294,1.0,0.4804641794416628,0.0,10.09875
295,0.0,0.4449556215362247,0.0,0.0
296,,0.32212599979703427,0.0,
297,0.0,0.4856333167440359,0.0,0.0
298,0.0,0.43860069624296666,0.0,0.0
299,,0.4677822233894521,0.0,
300,0.0,0.32870439124099543,0.0,0.0
301,,0.4649556215362247,0.0,
302,0.0,0.48307767638447885,0.0,0.0
303,0.0,0.41995707150374395,0.0,0.0
304,0.0,0.4223765074524061,0.0,0.0
305,,0.31123820447164624,0.0,
306,0.0,0.3568833704645957,0.0,0.0
307,,0.4181400388320132,0.0,
308,0.0,0.3979296205890405,0.0,0.0
309,,0.32212599979703427,0.0,
310,1.0,0.5993309242081837,1.0,56.13982143
311,,0.5486868775144679,1.0,3.079821429
312,,0.323692453637581,0.0,
313,,0.2771769578723714,0.0,
314,,0.516909575587273,1.0,3.079821429
315,0.0,0.31123820447164624,0.0,0.0
316,0.0,0.383790122352226,0.0,0.0
317,0.0,0.447241185907157,0.0,0.0
318,,0.31123820447164624,0.0,
319,1.0,0.44829330761641567,0.0,5.415
320,0.0,0.32212599979703427,0.0,0.0
321,0.0,0.44074168519753665,0.0,0.0
322,0.0,0.43759900134971813,0.0,0.0
323,1.0,0.45393260202455127,0.0,0.7625
324,0.0,0.4324054490848649,0.0,0.0
325,,0.4035689149971762,0.0,
326,,0.4110432022392738,0.0,
327,0.0,0.3409366874299089,0.0,0.0
328,0.0,0.49788176174618926,0.0,0.0
329,,0.3190184878343518,0.0,
330,,0.46423999065110233,0.0,
331,,0.5720650368043929,1.0,3.079821429
332,,0.4759539611133395,0.0,
333,,0.4821271194914582,0.0,
334,0.0,0.31123820447164624,0.0,0.0
335,0.0,0.47851725148124674,0.0,0.0
336,,0.45130037445728405,0.0,
337,0.0,0.4748248850335272,0.0,0.0
338,,0.4282319727897104,0.0,
339,1.0,0.5052407012504025,1.0,8.502857143
340,,0.46696755509784443,0.0,
341,0.0,0.39179161306998134,0.0,0.0
342,,0.4886296378754254,0.0,
343,0.0,0.38996603510786054,0.0,0.0
344,0.0,0.44074168519753654,0.0,0.0
345,,0.4466467421919183,0.0,
346,0.0,0.4747414402718072,0.0,0.0
347,,0.3884892642532069,0.0,
348,0.0,0.3887238283466242,0.0,0.0
349,1.0,0.2795494536863745,0.0,65.70410714
350,,0.37155105814626394,0.0,
351,0.0,0.28415223248700355,0.0,0.0
352,,0.43104907382408764,0.0,
353,,0.4245174964069761,0.0,
354,,0.486658485361546,0.0,
355,,0.31123820447164624,0.0,
356,,0.37018038490890054,0.0,
357,,0.33034869786983934,0.0,
358,,0.2892704867970459,0.0,
359,,0.35461945981383747,0.0,
360,0.0,0.29237493055980873,0.0,0.0
361,0.0,0.3971608762204694,0.0,0.0
362,,0.4624328058532302,0.0,
363,0.0,0.3922794181702099,0.0,0.0
364,,0.4356053295159961,0.0,
365,0.0,0.3236865820527672,0.0,0.0
366,0.0,0.31123820447164624,0.0,0.0
367,,0.37392950684690646,0.0,
368,,0.31123820447164624,0.0,
369,,0.39179161306998134,0.0,
370,0.0,0.32212599979703427,0.0,0.0
371,0.0,0.4347414402718072,0.0,0.0
372,1.0,0.4018666681160714,0.0,24.54589286
373,,0.37391325445588364,0.0,
374,0.0,0.5069318219060961,1.0,0.0
375,,0.4849556215362248,0.0,
376,0.0,0.4035689149971762,0.0,0.0
377,0.0,0.31123820447164624,0.0,0.0
378,0.0,0.34492684844038846,0.0,0.0
379,,0.4195595253166469,0.0,
380,0.0,0.504463765979311,1.0,0.0
381,,0.3800143111427865,0.0,
382,,0.30037642127756403,0.0,
383,,0.4385172514812467,0.0,
384,0.0,0.46124169403649207,0.0,0.0
385,0.0,0.3947986799108497,0.0,0.0
386,,0.3910490738240876,0.0,
387,0.0,0.5291813010445405,1.0,0.0
388,0.0,0.4035689149971762,0.0,0.0
389,,0.5070461836747845,1.0,3.079821429
390,1.0,0.4886296378754254,0.0,1.379821429
391,0.0,0.4117916130699813,0.0,0.0
392,,0.38427694148325864,0.0,
393,0.0,0.40001431114278646,0.0,0.0
394,,0.4818575055345964,0.0,
395,0.0,0.49932390108639313,0.0,0.0
396,,0.4487663633636224,0.0,
397,0.0,0.4466467421919183,0.0,0.0
398,1.0,0.26181624130006126,0.0,0.970178571
399,1.0,0.32212599979703427,0.0,0.0875
400,,0.4020990016965324,0.0,
401,,0.3567119623260121,0.0,
402,0.0,0.4591446809893809,0.0,0.0
403,,0.49914468098938086,0.0,
404,0.0,0.4259311113067959,0.0,0.0
405,0.0,0.4097069225162354,0.0,0.0
406,,0.38001431114278644,0.0,
407,0.0,0.3554697555647759,0.0,0.0
408,0.0,0.4222930626906862,0.0,0.0
409,,0.3979296205890406,0.0,
410,,0.3295771770940991,0.0,
411,,0.5206582404358167,1.0,3.079821429
412,0.0,0.391300374457284,0.0,0.0
413,0.0,0.48829330761641565,0.0,0.0
414,0.0,0.49619651267530945,0.0,0.0
415,0.0,0.515774762171359,1.0,0.0
416,1.0,0.5252407012504026,1.0,10.36303571
417,0.0,0.4547414402718072,0.0,0.0
418,0.0,0.4503779981701615,0.0,0.0
419,,0.4849556215362248,0.0,
420,0.0,0.336463595443866,0.0,0.0
421,0.0,0.4412293715431268,0.0,0.0
422,0.0,0.3865759818380446,0.0,0.0
423,,0.45695413081846936,0.0,
424,0.0,0.3508085189003702,0.0,0.0
425,0.0,0.4097069225162354,0.0,0.0
426,,0.39179161306998134,0.0,
427,,0.3341128080907594,0.0,
428,0.0,0.4139267304397374,0.0,0.0
429,,0.49552543702138335,0.0,
430,,0.5320212599830039,1.0,3.079821429
431,,0.32212599979703427,0.0,
432,,0.4282933076164156,0.0,
433,0.0,0.4021494285125425,0.0,0.0
434,0.0,0.47528127189067354,0.0,0.0
435,,0.5692308622608822,1.0,3.079821429
436,0.0,0.44382802758880124,0.0,0.0
437,1.0,0.5141059505367498,1.0,54.33035714
438,0.0,0.5478172473610623,1.0,0.0
439,,0.32212599979703427,0.0,
440,,0.4200092747169053,0.0,
441,0.0,0.4023856949794501,0.0,0.0
442,0.0,0.3600143111427865,0.0,0.0
443,0.0,0.39090618761501517,0.0,0.0
444,0.0,0.4849556215362248,0.0,0.0
445,1.0,0.34443499288347473,0.0,1.368392857
446,0.0,0.4628709309824788,0.0,0.0
447,0.0,0.42938903241573656,0.0,0.0
448,1.0,0.5131337643778335,1.0,1.710892857
449,0.0,0.41769002006974204,0.0,0.0
450,0.0,0.47528127189067354,0.0,0.0
451,0.0,0.4778946097836307,0.0,0.0
452,0.0,0.37392950684690646,0.0,0.0
453,0.0,0.42780145205950176,0.0,0.0
454,,0.3932263966665974,0.0,
455,0.0,0.42451749640697606,0.0,0.0
456,,0.5470731367665331,1.0,3.079821429
457,0.0,0.38606887390012573,0.0,0.0
458,,0.504463765979311,1.0,3.079821429
459,,0.40006473795879666,0.0,
460,,0.45002902882232015,0.0,
461,0.0,0.3750761856667235,0.0,0.0
462,0.0,0.4035689149971762,0.0,0.0
463,,0.32212599979703427,0.0,
464,,0.3554697555647759,0.0,
465,0.0,0.4255191482444948,0.0,0.0
466,0.0,0.4512352218641978,0.0,0.0
467,,0.464463765979311,0.0,
468,,0.47246268872390745,0.0,
469,0.0,0.42148422444343026,0.0,0.0
470,0.0,0.4980816943251569,0.0,0.0
471,,0.5193239010863931,1.0,3.079821429
472,0.0,0.504463765979311,1.0,0.0
473,,0.5252407012504026,1.0,3.079821429
474,,0.4097069225162354,0.0,
475,0.0,0.43104907382408764,0.0,0.0
476,,0.4399570715037439,0.0,
477,1.0,0.39382319014027867,0.0,22.09821429
478,0.0,0.3938763036237273,0.0,0.0
479,0.0,0.4148248850335271,0.0,0.0
480,0.0,0.4449556215362247,0.0,0.0
481,0.0,0.391300374457284,0.0,0.0
482,0.0,0.4347414402718072,0.0,0.0
483,0.0,0.5827461889919074,1.0,0.0
484,,0.4385172514812467,0.0,
485,,0.4849556215362248,0.0,
486,0.0,0.32212599979703427,0.0,0.0
487,,0.4849556215362248,0.0,
488,,0.4607416851975366,0.0,
489,0.0,0.28728317316519436,0.0,0.0
490,,0.3791019773270489,0.0,
491,0.0,0.5018575055345964,1.0,0.0
492,0.0,0.39179161306998134,0.0,0.0
493,0.0,0.4612293715431268,0.0,0.0
494,1.0,0.4139267304397374,0.0,4.361785714
495,0.0,0.5206582404358167,1.0,0.0
496,,0.5163469275236714,1.0,3.079821429
497,0.0,0.31123820447164624,0.0,0.0
498,,0.41792962058904054,0.0,
499,1.0,0.3985172514812467,0.0,0.570178571
500,1.0,0.47246268872390745,0.0,5.881964286
501,0.0,0.4510254366745691,0.0,0.0
502,1.0,0.4385172514812467,0.0,6.042321429
503,0.0,0.4297069225162354,0.0,0.0
504,,0.44331406209687274,0.0,
505,,0.2804389602881813,0.0,
506,,0.39482488503352714,0.0,
507,1.0,0.49860069624296666,0.0,1.798035714
508,0.0,0.41250724395510374,0.0,0.0
509,0.0,0.43618126029430443,0.0,0.0
510,1.0,0.29237493055980873,0.0,35.51571429
511,,0.4574535603336873,0.0,
512,1.0,0.5115930585705017,1.0,0.743035714
513,,0.41250724395510374,0.0,
514,0.0,0.31123820447164624,0.0,0.0
515,0.0,0.28415223248700355,0.0,0.0
516,,0.4224328058532301,0.0,
517,,0.3985172514812467,0.0,
518,0.0,0.5421271194914582,1.0,0.0
519,0.0,0.37433302947661334,0.0,0.0
520,0.0,0.47426284045764605,0.0,0.0
521,,0.4574535603336873,0.0,
522,,0.28534922912916644,0.0,
523,,0.4308514605628266,0.0,
524,,0.6265543281178707,1.0,3.079821429
525,1.0,0.4680158018605418,0.0,5.942857143
526,0.0,0.39179161306998134,0.0,0.0
527,1.0,0.3944060644172163,0.0,0.656607143
528,,0.48385812086694785,0.0,
529,1.0,0.3568833704645957,0.0,0.976964286
530,,0.33779987516690435,0.0,
531,,0.35882907091086225,0.0,
532,,0.34115103723094903,0.0,
533,1.0,0.4866467421919184,0.0,0.447321429
534,0.0,0.40030100442570415,0.0,0.0
535,,0.35292833915814387,0.0,
536,0.0,0.4806879547698715,0.0,0.0
537,0.0,0.46423999065110233,0.0,0.0
538,,0.39338506501102993,0.0,
539,,0.4795505733807985,0.0,
540,,0.30037642127756403,0.0,
541,,0.32212599979703427,0.0,
542,0.0,0.5078172473610623,1.0,0.0
543,,0.4433353365260864,0.0,
544,1.0,0.5048538266659859,1.0,0.059821429
545,,0.4133850650110299,0.0,
546,0.0,0.48901651245984207,0.0,0.0
547,1.0,0.3762754507655033,0.0,2.142321429
548,0.0,0.4449556215362247,0.0,0.0
549,0.0,0.3171045778196455,0.0,0.0
550,0.0,0.4021494285125425,0.0,0.0
551,0.0,0.4385172514812467,0.0,0.0
552,0.0,0.47070763311553565,0.0,0.0
553,0.0,0.4179296205890406,0.0,0.0
554,0.0,0.39179161306998134,0.0,0.0
555,,0.32212599979703427,0.0,
556,1.0,0.4347414402718072,0.0,4.179285714
557,1.0,0.5136767947198287,1.0,0.396428571
558,0.0,0.4574535603336873,0.0,0.0
559,,0.47788763333100304,0.0,
560,0.0,0.434153809379601,0.0,0.0
561,0.0,0.34068538679671256,0.0,0.0
562,,0.4035689149971762,0.0,
563,0.0,0.5397157686109552,1.0,0.0
564,0.0,0.3821522049197116,0.0,0.0
565,,0.5250175052459316,1.0,3.079821429
566,,0.4110490738240876,0.0,
567,,0.4117916130699813,0.0,
568,0.0,0.32212599979703427,0.0,0.0
569,0.0,0.4800227507007591,0.0,0.0
570,,0.3830417115215184,0.0,
571,,0.40332836007345885,0.0,
572,0.0,0.4412293715431268,0.0,0.0
573,0.0,0.3251322736600782,0.0,0.0
574,0.0,0.45393260202455127,0.0,0.0
575,0.0,0.4810150217420867,0.0,0.0
576,0.0,0.4465176584247063,0.0,0.0
577,,0.4849556215362248,0.0,
578,1.0,0.4147414402718072,0.0,10.88357143
579,,0.47320716799654766,0.0,
580,0.0,0.5208979581742164,1.0,0.0
581,0.0,0.4237891811140075,0.0,0.0
582,0.0,0.37392950684690646,0.0,0.0
583,,0.5002498296406227,1.0,3.079821429
584,0.0,0.43696587398809705,0.0,0.0
585,0.0,0.4324054490848649,0.0,0.0
586,,0.504463765979311,1.0,3.079821429
587,,0.3341276042569236,0.0,
588,0.0,0.4035689149971762,0.0,0.0
589,0.0,0.3600143111427865,0.0,0.0
590,,0.32212599979703427,0.0,
591,1.0,0.4822144524086473,0.0,0.522857143
592,,0.35292833915814387,0.0,
593,0.0,0.3762754507655033,0.0,0.0
594,,0.33670415036758344,0.0,
595,,0.4503779981701615,0.0,
596,,0.3487380522995494,0.0,
597,0.0,0.34068538679671256,0.0,0.0
598,1.0,0.5107076331155356,1.0,0.163571429
599,0.0,0.3872732626146481,0.0,0.0
600,0.0,0.5122987657388776,1.0,0.0
601,0.0,0.41632587758151346,0.0,0.0
602,0.0,0.4812293715431268,0.0,0.0
603,,0.29237493055980873,0.0,
604,1.0,0.4035689149971762,0.0,3.079821429
605,0.0,0.3485439913053955,0.0,0.0
606,0.0,0.402857454998625,0.0,0.0
607,,0.4672732626146481,0.0,
608,1.0,0.33670415036758344,0.0,3.20375
609,0.0,0.44140688926664884,0.0,0.0
610,0.0,0.42801580186054183,0.0,0.0
611,1.0,0.4656333167440359,0.0,17.25375
612,0.0,0.4110490738240876,0.0,0.0
613,0.0,0.32212599979703427,0.0,0.0
614,1.0,0.49511661474232604,0.0,83.03803571
615,1.0,0.39618126029430445,0.0,2.8075
616,,0.31123820447164624,0.0,
617,0.0,0.32212599979703427,0.0,0.0
618,0.0,0.3661615061888896,0.0,0.0
619,0.0,0.4510254366745691,0.0,0.0
620,,0.3528002413601278,0.0,
621,0.0,0.26590181100647375,0.0,0.0
622,,0.4341622489375737,0.0,
623,0.0,0.4780816943251569,0.0,0.0
624,0.0,0.29237493055980873,0.0,0.0
625,,0.5386032642161255,1.0,3.079821429
626,,0.5421271194914582,1.0,3.079821429
627,0.0,0.46423999065110233,0.0,0.0
628,0.0,0.504463765979311,1.0,0.0
629,0.0,0.4524054490848649,0.0,0.0
630,0.0,0.4134604247045906,0.0,0.0
631,0.0,0.4287314327456642,0.0,0.0
632,1.0,0.39179161306998134,0.0,10.28464286
633,,0.4461286815123271,0.0,
634,0.0,0.4717384995865327,0.0,0.0
635,,0.4192597907271405,0.0,
636,0.0,0.41134492968848035,0.0,0.0
637,,0.5409923688865165,1.0,3.079821429
638,0.0,0.4101927074022658,0.0,0.0
639,1.0,0.5201012322858165,1.0,11.37642857
640,,0.27615074176924825,0.0,
641,,0.48174333703505534,0.0,
642,0.0,0.5402498296406227,1.0,0.0
643,1.0,0.5488809385086217,1.0,32.04017857
644,1.0,0.2795494536863745,0.0,9.138928571
645,0.0,0.39179161306998134,0.0,0.0
646,0.0,0.34068538679671256,0.0,0.0
647,,0.4849556215362248,0.0,
648,1.0,0.42451749640697606,0.0,0.775178571
649,0.0,0.4812293715431268,0.0,0.0
650,,0.504463765979311,1.0,3.079821429
651,,0.4057961559547701,0.0,
652,,0.4585172514812467,0.0,
653,0.0,0.29237493055980873,0.0,0.0
654,,0.4347414402718072,0.0,
655,,0.44664674219191836,0.0,
656,,0.45696587398809707,0.0,
657,0.0,0.38844632259075057,0.0,0.0
658,0.0,0.37392950684690646,0.0,0.0
659,,0.4125072439551038,0.0,
660,,0.4849556215362248,0.0,
661,0.0,0.4642972750211222,0.0,0.0
662,0.0,0.3837985619101986,0.0,0.0
663,0.0,0.31123820447164624,0.0,0.0
664,,0.4035689149971762,0.0,
665,,0.4035689149971762,0.0,
666,0.0,0.4590446929570291,0.0,0.0
667,,0.3251322736600782,0.0,
668,,0.44829330761641567,0.0,
669,,0.38001431114278644,0.0,
670,0.0,0.5278172473610623,1.0,0.0
671,0.0,0.34115103723094903,0.0,0.0
672,0.0,0.504463765979311,1.0,0.0
673,1.0,0.40280017062860507,0.0,24.13589286
674,,0.4161812602943044,0.0,
675,1.0,0.4487314327456643,0.0,0.017678571
676,,0.4385172514812467,0.0,
677,,0.5252407012504026,1.0,3.079821429
678,0.0,0.4581400388320132,0.0,0.0
679,0.0,0.33745260592926823,0.0,0.0
680,0.0,0.40499782700897846,0.0,0.0
681,,0.49855870898492916,0.0,
682,0.0,0.4946036776784774,0.0,0.0
683,1.0,0.4815410523083138,0.0,0.192321429
684,0.0,0.5169600024032832,1.0,0.0
685,,0.4192455667742154,0.0,
686,1.0,0.39179161306998134,0.0,0.629285714
687,0.0,0.4547414402718072,0.0,0.0
688,,0.4849556215362248,0.0,
689,0.0,0.4433014517126874,0.0,0.0
690,,0.28415223248700355,0.0,
691,0.0,0.4147414402718072,0.0,0.0
692,0.0,0.4385172514812467,0.0,0.0
693,1.0,0.4412293715431268,0.0,0.213571429
694,0.0,0.3826579013637491,0.0,0.0
695,,0.471298816274849,0.0,
696,,0.4774535603336873,0.0,
697,,0.4385172514812467,0.0,
698,0.0,0.39382319014027867,0.0,0.0
699,,0.5729125570227838,1.0,3.079821429
700,1.0,0.504463765979311,1.0,40.67785714
701,,0.39132459615061677,0.0,
702,0.0,0.44829330761641567,0.0,0.0
703,0.0,0.5541670862773853,1.0,0.0
704,0.0,0.39179161306998134,0.0,0.0
705,0.0,0.36640457369946106,0.0,0.0
706,,0.4849556215362248,0.0,
707,,0.504463765979311,1.0,3.079821429
708,,0.5314567663325817,1.0,3.079821429
709,0.0,0.33546975556477593,0.0,0.0
710,,0.529016512459842,1.0,3.079821429
711,0.0,0.45250724395510383,0.0,0.0
712,0.0,0.5190951197730393,1.0,0.0
713,0.0,0.4591446809893809,0.0,0.0
714,0.0,0.2676826146480605,0.0,0.0
715,,0.39482488503352714,0.0,
716,0.0,0.3922794181702099,0.0,0.0
717,,0.4849556215362248,0.0,
718,1.0,0.45673292346341954,0.0,8.301785714
719,0.0,0.5221271194914582,1.0,0.0
720,0.0,0.4250036985937923,0.0,0.0
721,0.0,0.3733850650110299,0.0,0.0
722,0.0,0.4195595253166469,0.0,0.0
723,0.0,0.31123820447164624,0.0,0.0
724,,0.32212599979703427,0.0,
725,1.0,0.5693317480457167,1.0,2.594464286
726,,0.5315930585705018,1.0,3.079821429
727,,0.41853250386225177,0.0,
728,,0.4287314327456642,0.0,
729,0.0,0.46423999065110233,0.0,0.0
730,0.0,0.4628709309824788,0.0,0.0
731,,0.4703779981701615,0.0,
732,1.0,0.4889643832703417,0.0,3.030178571
733,,0.29237493055980873,0.0,
734,0.0,0.4333850650110299,0.0,0.0
735,1.0,0.5307076331155356,1.0,4.37375
736,0.0,0.4412293715431268,0.0,0.0
737,0.0,0.45695413081846936,0.0,0.0
738,,0.33034869786983934,0.0,
739,0.0,0.5586091358009393,1.0,0.0
740,0.0,0.5094025083995903,1.0,0.0
741,0.0,0.31123820447164624,0.0,0.0
742,0.0,0.4449556215362247,0.0,0.0
743,0.0,0.39618126029430445,0.0,0.0
744,0.0,0.4147414402718072,0.0,0.0
745,0.0,0.40001431114278646,0.0,0.0
746,0.0,0.3792396951894016,0.0,0.0
747,1.0,0.34068538679671256,0.0,0.25
748,,0.4866467421919184,0.0,
749,,0.41744620459009935,0.0,
750,,0.3800143111427865,0.0,
751,0.0,0.3592455667742154,0.0,0.0
752,,0.38427694148325864,0.0,
753,0.0,0.447241185907157,0.0,0.0
754,0.0,0.504463765979311,1.0,0.0
755,0.0,0.5811352550955889,1.0,0.0
756,,0.5482098628546956,1.0,3.079821429
757,1.0,0.4449556215362247,0.0,9.939821429
758,0.0,0.421547380398264,0.0,0.0
759,,0.4190312169731753,0.0,
760,,0.42829330761641565,0.0,
761,0.0,0.4812293715431268,0.0,0.0
762,0.0,0.5174039991173457,1.0,0.0
763,0.0,0.4790951197730393,0.0,0.0
764,0.0,0.40074168519753656,0.0,0.0
765,,0.4256333167440359,0.0,
766,,0.39179161306998134,0.0,
767,1.0,0.4443593578168986,0.0,0.686964286
768,,0.4622930626906862,0.0,
769,,0.28768261464806055,0.0,
770,1.0,0.5336703933806599,1.0,1.595357143
771,0.0,0.4804641794416628,0.0,0.0
772,,0.3865759818380446,0.0,
773,0.0,0.347780084276636,0.0,0.0
774,0.0,0.45393260202455127,0.0,0.0
775,1.0,0.4133850650110299,0.0,1.996071429
776,0.0,0.33790341546636316,0.0,0.0
777,1.0,0.4161812602943044,0.0,0.99125
778,,0.38844632259075057,0.0,
779,,0.5107076331155356,1.0,3.079821429
780,,0.42148422444343026,0.0,
781,,0.34492684844038846,0.0,
782,0.0,0.41813893396419943,0.0,0.0
783,,0.40001431114278646,0.0,
784,0.0,0.47616669734563966,0.0,0.0
785,,0.41995707150374395,0.0,
786,,0.41865112305897684,0.0,
787,,0.40280017062860507,0.0,
788,,0.30346537469771734,0.0,
789,0.0,0.6265543281178707,1.0,0.0
790,1.0,0.39618126029430445,0.0,6.080178571
791,,0.5116276900849515,1.0,3.079821429
792,1.0,0.504463765979311,1.0,52.61821429
793,0.0,0.33670415036758344,0.0,0.0
794,,0.4148248850335271,0.0,
795,0.0,0.3792396951894016,0.0,0.0
796,,0.4612293715431268,0.0,
797,,0.4804641794416628,0.0,
798,,0.32212599979703427,0.0,
799,,0.31123820447164624,0.0,
800,0.0,0.39381906398468475,0.0,0.0
801,1.0,0.34569539372289,0.0,51.96553571
802,0.0,0.4845174964069761,0.0,0.0
803,,0.5509219829165758,1.0,3.079821429
804,0.0,0.3100909858877288,0.0,0.0
805,0.0,0.5066963034082599,1.0,0.0
806,0.0,0.4233067063532849,0.0,0.0
807,,0.4580816943251569,0.0,
808,0.0,0.40333533652608644,0.0,0.0
809,0.0,0.4679934928394575,0.0,0.0
810,0.0,0.44382802758880124,0.0,0.0
811,,0.39179161306998134,0.0,
812,0.0,0.32212599979703427,0.0,0.0
813,,0.4138231901402786,0.0,
814,0.0,0.4110228687014102,0.0,0.0
815,0.0,0.5122153209771576,1.0,0.0
816,,0.4021494285125425,0.0,
817,,0.5404641794416628,1.0,3.079821429
818,,0.4780816943251569,0.0,
819,0.0,0.45599113218659715,0.0,0.0
820,,0.49860326421612555,0.0,
821,0.0,0.3882933076164157,0.0,0.0
822,0.0,0.43696587398809705,0.0,0.0
823,0.0,0.3845174964069761,0.0,0.0
824,0.0,0.46679975716625327,0.0,0.0
825,0.0,0.4849556215362248,0.0,0.0
826,0.0,0.6476542652673827,1.0,0.0
827,0.0,0.383790122352226,0.0,0.0
828,,0.45508400828047973,0.0,
829,,0.4812293715431268,0.0,
830,,0.4915930585705018,0.0,
831,1.0,0.46423999065110233,0.0,2.024642857
832,,0.4200647379587966,0.0,
833,0.0,0.31123820447164624,0.0,0.0
834,,0.5115367601696779,1.0,3.079821429
835,,0.504463765979311,1.0,3.079821429
836,1.0,0.32212599979703427,0.0,3.416607143
837,0.0,0.4806879547698715,0.0,0.0
838,0.0,0.4347414402718072,0.0,0.0
839,,0.3383501885875947,0.0,
840,0.0,0.3755674242794209,0.0,0.0
841,,0.36466463979649716,0.0,
842,,0.31123820447164624,0.0,
843,0.0,0.4547414402718072,0.0,0.0
844,,0.383790122352226,0.0,
845,0.0,0.31123820447164624,0.0,0.0
846,0.0,0.48921412572110307,0.0,0.0
847,,0.32212599979703427,0.0,
848,0.0,0.42827491445216687,0.0,0.0
849,0.0,0.4503779981701615,0.0,0.0
850,0.0,0.4449556215362247,0.0,0.0
851,,0.328488309848788,0.0,
852,,0.39179161306998134,0.0,
853,,0.3708085189003702,0.0,
854,,0.46166344454044256,0.0,
855,0.0,0.5324652566970662,1.0,0.0
856,0.0,0.3792396951894016,0.0,0.0
857,0.0,0.4021494285125425,0.0,0.0
858,0.0,0.4806879547698715,0.0,0.0
859,0.0,0.32212599979703427,0.0,0.0
860,0.0,0.31123820447164624,0.0,0.0
861,,0.5016634445404426,1.0,3.079821429
862,,0.5052407012504025,1.0,3.079821429
863,0.0,0.4812293715431268,0.0,0.0
864,1.0,0.4649556215362247,0.0,30.69732143
865,0.0,0.38001431114278644,0.0,0.0
866,,0.4412293715431268,0.0,
867,0.0,0.3791019773270489,0.0,0.0
868,,0.444768180095956,0.0,
869,0.0,0.4710490738240876,0.0,0.0
870,,0.504463765979311,1.0,3.079821429
871,,0.3966690206635557,0.0,
872,1.0,0.39618126029430445,0.0,3.346607143
873,0.0,0.4780816943251569,0.0,0.0
874,0.0,0.38212909497467895,0.0,0.0
875,1.0,0.4894520696159319,0.0,0.282321429
876,,0.4110490738240876,0.0,
877,0.0,0.5459029307008977,1.0,0.0
878,,0.6265543281178707,1.0,3.079821429
879,0.0,0.4147414402718072,0.0,0.0
880,1.0,0.5378594527251049,1.0,1.249464286
881,0.0,0.3383501885875947,0.0,0.0
882,0.0,0.45696587398809707,0.0,0.0
883,1.0,0.39179161306998134,0.0,2.231964286
884,0.0,0.41387630362372724,0.0,0.0
885,0.0,0.42445616158027094,0.0,0.0
886,,0.4072732626146481,0.0,
887,,0.4412293715431268,0.0,
888,0.0,0.5190951197730393,1.0,0.0
889,,0.5083239303586217,1.0,3.079821429
890,1.0,0.4138231901402786,0.0,8.936964286
891,,0.4035689149971762,0.0,
892,0.0,0.3397737562190691,0.0,0.0
893,,0.3873447262066157,0.0,
894,,0.41995707150374395,0.0,
895,0.0,0.4218246808580339,0.0,0.0
896,0.0,0.4628709309824788,0.0,0.0
897,,0.46001431114278646,0.0,
898,0.0,0.31335298830353875,0.0,0.0
899,,0.4866467421919184,0.0,
900,0.0,0.4759539611133395,0.0,0.0
901,1.0,0.34068538679671256,0.0,0.144821429
902,,0.5201012322858165,1.0,3.079821429
903,1.0,0.47201538839818996,0.0,4.637857143
904,0.0,0.3538190639846847,0.0,0.0
905,1.0,0.4806879547698715,0.0,1.761071429
906,0.0,0.4793239010863931,0.0,0.0
907,1.0,0.39179161306998134,0.0,2.288392857
908,0.0,0.34004130924328835,0.0,0.0
909,,0.4297069225162355,0.0,
910,,0.39482488503352714,0.0,
911,1.0,0.39618126029430445,0.0,1.269642857
912,,0.4218575055345964,0.0,
913,0.0,0.5444637659793109,1.0,0.0
914,0.0,0.47746588282705255,0.0,0.0
915,1.0,0.4752688817475896,0.0,3.490535714
916,,0.4565160056892207,0.0,
917,0.0,0.3771608762204694,0.0,0.0
918,0.0,0.37392950684690646,0.0,0.0
919,,0.5115367601696779,1.0,3.079821429
920,0.0,0.3567119623260121,0.0,0.0
921,0.0,0.509016512459842,1.0,0.0
922,0.0,0.3259018110064737,0.0,0.0
923,,0.4649556215362247,0.0,
924,0.0,0.4780816943251569,0.0,0.0
925,,0.4449556215362247,0.0,
926,0.0,0.4235689149971762,0.0,0.0
927,1.0,0.41853250386225177,0.0,9.385714286
928,0.0,0.509143603367354,1.0,0.0
929,,0.31123820447164624,0.0,
930,0.0,0.28415223248700355,0.0,0.0
931,,0.4907076331155356,0.0,
932,0.0,0.4061173078564358,0.0,0.0
933,,0.4385172514812467,0.0,
934,0.0,0.3746272717722662,0.0,0.0
935,1.0,0.4035689149971762,0.0,2.344821429
936,,0.32212599979703427,0.0,
937,0.0,0.4200647379587966,0.0,0.0
938,0.0,0.4072732626146481,0.0,0.0
939,1.0,0.504463765979311,1.0,1.585
940,,0.5155352414926437,1.0,3.079821429
941,0.0,0.31123820447164624,0.0,0.0
942,0.0,0.46423999065110233,0.0,0.0
943,0.0,0.4694440585714337,0.0,0.0
944,1.0,0.31123820447164624,0.0,15.77892857
945,,0.5386032642161255,1.0,3.079821429
946,0.0,0.31335298830353875,0.0,0.0
947,0.0,0.4322773979560117,0.0,0.0
948,,0.5190951197730393,1.0,3.079821429
949,,0.39482488503352714,0.0,
950,1.0,0.39179161306998134,0.0,0.601428571
951,,0.44451749640697613,0.0,
952,1.0,0.4790951197730393,0.0,1.189821429
953,0.0,0.3550761856667235,0.0,0.0
954,,0.37906634667720307,0.0,
955,1.0,0.40001431114278646,0.0,13.05678571
956,0.0,0.34746826484702054,0.0,0.0
957,,0.4472732626146481,0.0,
958,,0.4385172514812467,0.0,
959,,0.31123820447164624,0.0,
960,0.0,0.3236865820527672,0.0,0.0
961,0.0,0.4849556215362248,0.0,0.0
962,0.0,0.31123820447164624,0.0,0.0
963,0.0,0.40280017062860507,0.0,0.0
964,0.0,0.47851725148124674,0.0,0.0
965,,0.4612293715431268,0.0,
966,0.0,0.31123820447164624,0.0,0.0
967,,0.4035689149971762,0.0,
968,,0.4694440585714337,0.0,
969,0.0,0.4580816943251569,0.0,0.0
970,0.0,0.5503301393273102,1.0,0.0
971,0.0,0.4618575055345964,0.0,0.0
972,,0.34492684844038846,0.0,
973,1.0,0.31767911293366863,0.0,0.686428571
974,,0.5386032642161255,1.0,3.079821429
975,,0.38379012235222604,0.0,
976,,0.46423999065110233,0.0,
977,1.0,0.4169541308184694,0.0,1.429642857
978,,0.4539227988816701,0.0,
979,0.0,0.38728904475000825,0.0,0.0
980,0.0,0.4017054317984801,0.0,0.0
981,0.0,0.3383501885875947,0.0,0.0
982,0.0,0.33077156806821384,0.0,0.0
983,,0.3983532837652395,0.0,
984,0.0,0.4412293715431268,0.0,0.0
985,0.0,0.5386032642161255,1.0,0.0
986,,0.4849556215362248,0.0,
987,,0.4161812602943044,0.0,
988,0.0,0.3966690206635557,0.0,0.0
989,0.0,0.4429204921988204,0.0,0.0
990,0.0,0.3780908569066319,0.0,0.0
991,,0.4412293715431268,0.0,
992,0.0,0.5061548866350045,1.0,0.0
993,1.0,0.5082933076164156,1.0,0.274642857
994,,0.4849556215362248,0.0,
995,0.0,0.32212599979703427,0.0,0.0
996,,0.38827491445216694,0.0,
997,0.0,0.42205175979789755,0.0,0.0
998,0.0,0.47995707150374395,0.0,0.0
999,,0.43695413081846934,0.0,
1000,0.0,0.48704031208997073,0.0,0.0
1001,0.0,0.3826287624900215,0.0,0.0
1002,,0.4812293715431268,0.0,
1003,0.0,0.447241185907157,0.0,0.0
1004,,0.4849556215362248,0.0,
1005,0.0,0.37671196232601206,0.0,0.0
1006,0.0,0.43741061867123077,0.0,0.0
1007,,0.580643399538675,1.0,3.079821429
1008,,0.49619651267530945,0.0,
1009,,0.36615231866184567,0.0,
1010,,0.4429204921988204,0.0,
1011,1.0,0.4449905521541829,0.0,2.005357143
1012,0.0,0.393482733725675,0.0,0.0
1013,,0.3236865820527672,0.0,
1014,0.0,0.3897069225162354,0.0,0.0
1015,0.0,0.419050564541843,0.0,0.0
1016,0.0,0.4021494285125425,0.0,0.0
1017,0.0,0.35882907091086225,0.0,0.0
1018,1.0,0.5115930585705017,1.0,2.641785714
1019,0.0,0.4591446809893809,0.0,0.0
1020,0.0,0.31123820447164624,0.0,0.0
1021,,0.31123820447164624,0.0,
1022,0.0,0.4161812602943044,0.0,0.0
1023,0.0,0.4147414402718072,0.0,0.0
1024,,0.4849556215362248,0.0,
1025,0.0,0.49914468098938086,0.0,0.0
1026,,0.31123820447164624,0.0,
1027,0.0,0.4580816943251569,0.0,0.0
1028,,0.43045748401931605,0.0,
1029,1.0,0.4390554386665081,0.0,1.217142857
1030,0.0,0.43696587398809705,0.0,0.0
1031,,0.4451768288912746,0.0,
1032,0.0,0.31123820447164624,0.0,0.0
1033,1.0,0.40991734075920816,0.0,1.129107143
1034,0.0,0.46124169403649207,0.0,0.0
1035,0.0,0.40280017062860507,0.0,0.0
1036,0.0,0.43759900134971813,0.0,0.0
1037,,0.3755674242794209,0.0,
1038,0.0,0.31123820447164624,0.0,0.0
1039,,0.42162677484727823,0.0,
1040,1.0,0.49619651267530945,0.0,1.4325
1041,0.0,0.48373288271318343,0.0,0.0
1042,1.0,0.4812293715431268,0.0,0.916785714
1043,0.0,0.4035689149971762,0.0,0.0
1044,0.0,0.4424328058532302,0.0,0.0
1045,0.0,0.39179161306998134,0.0,0.0
1046,0.0,0.4849556215362248,0.0,0.0
1047,,0.2975544461185218,0.0,
1048,0.0,0.5190951197730393,1.0,0.0
1049,,0.33034869786983934,0.0,
1050,,0.5694083799844042,1.0,3.079821429
1051,,0.36268348954221,0.0,
1052,1.0,0.46913162219760174,0.0,1.541428571
1053,0.0,0.4021494285125425,0.0,0.0
1054,,0.4147414402718072,0.0,
1055,1.0,0.37556742427942086,0.0,0.516428571
1056,1.0,0.32212599979703427,0.0,10.52714286
1057,,0.48065918167403526,0.0,
1058,0.0,0.4515172922314828,0.0,0.0
1059,1.0,0.44402564085006224,0.0,1.368928571
1060,0.0,0.5395505733807985,1.0,0.0
1061,0.0,0.34823700921559164,0.0,0.0
1062,0.0,0.29237493055980873,0.0,0.0
1063,,0.504463765979311,1.0,3.079821429
1064,,0.4999570715037439,0.0,
1065,0.0,0.39179161306998134,0.0,0.0
1066,0.0,0.5404641794416628,1.0,0.0
1067,0.0,0.38640457369946096,0.0,0.0
1068,0.0,0.47995707150374395,0.0,0.0
1069,,0.3903721265853477,0.0,
1070,1.0,0.3755674242794209,0.0,9.376964286
1071,,0.39080851890037016,0.0,
1072,,0.3750761856667235,0.0,
1073,,0.5541892020293224,1.0,3.079821429
1074,,0.4449556215362247,0.0,
1075,0.0,0.4849556215362248,0.0,0.0
1076,,0.37479867991084975,0.0,
1077,,0.4672732626146481,0.0,
1078,0.0,0.47070763311553565,0.0,0.0
1079,0.0,0.447241185907157,0.0,0.0
1080,,0.31123820447164624,0.0,
1081,0.0,0.504463765979311,1.0,0.0
1082,,0.49153676016967784,0.0,
1083,0.0,0.5249556215362248,1.0,0.0
1084,0.0,0.5317722786675141,1.0,0.0
1085,1.0,0.5568194355119175,1.0,3.763928571
1086,,0.5201012322858165,1.0,3.079821429
1087,1.0,0.6196305038852369,1.0,8.805892857
1088,,0.38844632259075057,0.0,
1089,,0.40006473795879666,0.0,
1090,,0.4297069225162355,0.0,
1091,1.0,0.583270372465345,1.0,4.910714286
1092,,0.3068191424298102,0.0,
1093,,0.504463765979311,1.0,3.079821429
1094,0.0,0.37004325277524525,0.0,0.0
1095,,0.49855870898492916,0.0,
1096,,0.6070461836747846,1.0,3.079821429
1097,,0.5007358136127228,1.0,3.079821429
1098,,0.45995707150374393,0.0,
1099,0.0,0.5096387748664979,1.0,0.0
1100,0.0,0.3966690206635557,0.0,0.0
1101,,0.348135088614985,0.0,
1102,,0.515774762171359,1.0,3.079821429
1103,0.0,0.4385172514812467,0.0,0.0
1104,1.0,0.5401227387331109,1.0,0.699642857
1105,,0.504463765979311,1.0,3.079821429
1106,0.0,0.44593111130679586,0.0,0.0
1107,,0.27970534562363797,0.0,
1108,0.0,0.47201538839818996,0.0,0.0
1109,0.0,0.31123820447164624,0.0,0.0
1110,,0.4774535603336873,0.0,
1111,1.0,0.4451827004760884,0.0,0.821785714
1112,,0.4218666681160715,0.0,
1113,0.0,0.4547414402718072,0.0,0.0
1114,,0.43695413081846934,0.0,
1115,0.0,0.32212599979703427,0.0,0.0
1116,0.0,0.4612293715431268,0.0,0.0
1117,0.0,0.47995707150374395,0.0,0.0
1118,0.0,0.5361812602943045,1.0,0.0
1119,,0.512405449084865,1.0,3.079821429
1120,,0.4866467421919184,0.0,
1121,0.0,0.5378594527251049,1.0,0.0
1122,,0.4037328827131834,0.0,
1123,,0.4449556215362247,0.0,
1124,,0.39179161306998134,0.0,
1125,0.0,0.47851725148124674,0.0,0.0
1126,,0.4806879547698715,0.0,
1127,,0.4954399956214109,0.0,
1128,0.0,0.4218575055345964,0.0,0.0
1129,,0.4595322600571331,0.0,
1130,0.0,0.46940912795347545,0.0,0.0
1131,0.0,0.3592455667742154,0.0,0.0
1132,,0.5816782854375842,1.0,3.079821429
1133,,0.35204291370317775,0.0,
1134,,0.4812293715431268,0.0,
1135,1.0,0.4023083150716913,0.0,6.136428571
1136,,0.3946272717722661,0.0,
1137,0.0,0.4806879547698715,0.0,0.0
1138,,0.40001431114278646,0.0,
1139,,0.2771769578723714,0.0,
1140,0.0,0.5107076331155356,1.0,0.0
1141,0.0,0.31123820447164624,0.0,0.0
1142,0.0,0.3215756863763438,0.0,0.0
1143,1.0,0.4117916130699813,0.0,2.008392857
1144,0.0,0.5791200526505897,1.0,0.0
1145,,0.504463765979311,1.0,3.079821429
1146,,0.5386032642161255,1.0,3.079821429
1147,,0.4297069225162355,0.0,
1148,,0.3568833704645957,0.0,
1149,1.0,0.50452668393402,1.0,1.511428571
1150,,0.4849556215362248,0.0,
1151,0.0,0.4812293715431268,0.0,0.0
1152,0.0,0.48124169403649203,0.0,0.0
1153,,0.4597931037877367,0.0,
1154,0.0,0.4585172514812467,0.0,0.0
1155,0.0,0.4849556215362248,0.0,0.0
1156,,0.40001431114278646,0.0,
1157,0.0,0.4245174964069761,0.0,0.0
1158,1.0,0.37906634667720307,0.0,1.65625
1159,0.0,0.34492684844038846,0.0,0.0
1160,0.0,0.39618126029430445,0.0,0.0
1161,0.0,0.4717384995865327,0.0,0.0
1162,,0.46292049219882037,0.0,
1163,0.0,0.4487663633636224,0.0,0.0
1164,0.0,0.3766690206635556,0.0,0.0
1165,0.0,0.4429204921988204,0.0,0.0
1166,1.0,0.4117916130699813,0.0,0.319821429
1167,0.0,0.36284215788664254,0.0,0.0
1168,0.0,0.4072732626146481,0.0,0.0
1169,1.0,0.535774762171359,1.0,2.461964286
1170,0.0,0.35292833915814387,0.0,0.0
1171,0.0,0.3592455667742154,0.0,0.0
1172,,0.43035436102064295,0.0,
1173,,0.4849556215362248,0.0,
1174,,0.384768180095956,0.0,
1175,1.0,0.37018038490890054,0.0,7.892857143
1176,,0.4849556215362248,0.0,
1177,0.0,0.4412293715431268,0.0,0.0
1178,0.0,0.35292833915814387,0.0,0.0
1179,0.0,0.5704301273596619,1.0,0.0
1180,0.0,0.4612293715431268,0.0,0.0
1181,,0.6077535932166505,1.0,3.079821429
1182,1.0,0.4347414402718072,0.0,6.997321429
1183,,0.479972323884749,0.0,
1184,0.0,0.46423999065110233,0.0,0.0
1185,,0.36713037640557566,0.0,
1186,,0.509016512459842,1.0,3.079821429
1187,,0.4147414402718072,0.0,
1188,0.0,0.4110490738240876,0.0,0.0
1189,0.0,0.43223035514344643,0.0,0.0
1190,0.0,0.5016634445404426,1.0,0.0
1191,0.0,0.36284215788664254,0.0,0.0
1192,,0.5348248850335272,1.0,3.079821429
1193,0.0,0.5315930585705018,1.0,0.0
1194,,0.5586032642161255,1.0,3.079821429
1195,0.0,0.4147414402718072,0.0,0.0
1196,0.0,0.32212599979703427,0.0,0.0
1197,0.0,0.32212599979703427,0.0,0.0
1198,0.0,0.40170543179848006,0.0,0.0
1199,0.0,0.2771769578723714,0.0,0.0
1200,,0.4662086170626697,0.0,
1201,,0.4347414402718072,0.0,
1202,0.0,0.41250724395510374,0.0,0.0
1203,0.0,0.31123820447164624,0.0,0.0
1204,,0.4612293715431268,0.0,
1205,0.0,0.38640457369946096,0.0,0.0
1206,1.0,0.504463765979311,1.0,22.16589286
1207,,0.44451749640697613,0.0,
1208,0.0,0.4097069225162354,0.0,0.0
1209,0.0,0.504463765979311,1.0,0.0
1210,,0.4215415088134502,0.0,
1211,,0.37671196232601206,0.0,
1212,1.0,0.504463765979311,1.0,2.999285714
1213,0.0,0.42148422444343026,0.0,0.0
1214,0.0,0.3867814070577343,0.0,0.0
1215,0.0,0.3847134530437674,0.0,0.0
1216,0.0,0.4147414402718072,0.0,0.0
1217,0.0,0.37392950684690646,0.0,0.0
1218,,0.34323572778469497,0.0,
1219,0.0,0.3554697555647759,0.0,0.0
1220,1.0,0.4624328058532302,0.0,4.910714286
1221,0.0,0.3884892642532069,0.0,0.0
1222,,0.47851725148124674,0.0,
1223,0.0,0.5278172473610623,1.0,0.0
1224,0.0,0.44331406209687274,0.0,0.0
1225,,0.4791446809893809,0.0,
1226,,0.5206582404358167,1.0,3.079821429
1227,,0.34115103723094903,0.0,
1228,,0.4694440585714337,0.0,
1229,,0.4347414402718072,0.0,
1230,1.0,0.5319856740641352,1.0,1.5475
1231,0.0,0.3371045778196455,0.0,0.0
1232,1.0,0.4147414402718072,0.0,1.825357143
1233,0.0,0.4451768288912746,0.0,0.0
1234,,0.44965906367338415,0.0,
1235,0.0,0.48868687751446793,0.0,0.0
1236,0.0,0.31123820447164624,0.0,0.0
1237,,0.3783601413192492,0.0,
1238,0.0,0.4471080673844914,0.0,0.0
1239,0.0,0.435105706731631,0.0,0.0
1240,,0.37556742427942086,0.0,
1241,,0.4849556215362248,0.0,
1242,,0.48820986285469564,0.0,
1243,,0.5750283268238722,1.0,3.079821429
1244,,0.31123820447164624,0.0,
1245,0.0,0.3755674242794209,0.0,0.0
1246,0.0,0.33926590031207887,0.0,0.0
1247,1.0,0.3274682648470206,0.0,20.45107143
1248,,0.5333404641705234,1.0,3.079821429
1249,,0.38170543179848004,0.0,
1250,,0.4849556215362248,0.0,
1251,,0.5386032642161255,1.0,3.079821429
1252,,0.4754723235379348,0.0,
1253,0.0,0.4117916130699813,0.0,0.0
1254,0.0,0.4774535603336873,0.0,0.0
1255,0.0,0.44873143274566424,0.0,0.0
1256,0.0,0.39179161306998134,0.0,0.0
1257,,0.46292049219882037,0.0,
1258,1.0,0.46423999065110233,0.0,0.146785714
1259,0.0,0.3487380522995494,0.0,0.0
1260,,0.37906634667720307,0.0,
1261,0.0,0.5115367601696779,1.0,0.0
1262,,0.45482488503352714,0.0,
1263,,0.38950176024223926,0.0,
1264,1.0,0.4117916130699813,0.0,36.82660714
1265,0.0,0.40616559555962994,0.0,0.0
1266,0.0,0.3851322736600782,0.0,0.0
1267,0.0,0.3708436486043979,0.0,0.0
1268,0.0,0.32212599979703427,0.0,0.0
1269,0.0,0.31123820447164624,0.0,0.0
1270,,0.33476858663270315,0.0,
1271,,0.3910490738240876,0.0,
1272,0.0,0.3851322736600782,0.0,0.0
1273,1.0,0.4347414402718072,0.0,0.777142857
1274,0.0,0.49855870898492916,0.0,0.0
1275,1.0,0.32212599979703427,0.0,0.969821429
1276,0.0,0.5190951197730393,1.0,0.0
1277,1.0,0.4969658739880971,0.0,4.704821429
1278,,0.4472732626146481,0.0,
1279,0.0,0.4017054317984801,0.0,0.0
1280,,0.42681248630507684,0.0,
1281,,0.4117916130699813,0.0,
1282,1.0,0.5466317080256294,1.0,1.423035714
1283,0.0,0.34746826484702054,0.0,0.0
1284,0.0,0.45341458607593743,0.0,0.0
1285,0.0,0.5221271194914582,1.0,0.0
1286,0.0,0.46135646245063866,0.0,0.0
1287,0.0,0.37556742427942086,0.0,0.0
1288,,0.38427694148325864,0.0,
1289,,0.5228263757512824,1.0,3.079821429
1290,0.0,0.495105706731631,0.0,0.0
1291,0.0,0.49860069624296666,0.0,0.0
1292,1.0,0.4895231954574015,0.0,1.0275
1293,0.0,0.35857449112028933,0.0,0.0
1294,0.0,0.491412883778775,0.0,0.0
1295,,0.44229306269068625,0.0,
1296,,0.4412293715431268,0.0,
1297,,0.4591446809893809,0.0,
1298,0.0,0.4849556215362248,0.0,0.0
1299,0.0,0.39179161306998134,0.0,0.0
1300,,0.3840414229854224,0.0,
1301,0.0,0.4035689149971762,0.0,0.0
1302,1.0,0.32965124105962784,0.0,10.12642857
1303,0.0,0.4797911283045159,0.0,0.0
1304,,0.4200647379587966,0.0,
1305,0.0,0.47851725148124674,0.0,0.0
1306,0.0,0.5372145821938561,1.0,0.0
1307,0.0,0.45129881627484897,0.0,0.0
1308,0.0,0.31123820447164624,0.0,0.0
1309,0.0,0.5630868639115227,1.0,0.0
1310,,0.4021494285125425,0.0,
1311,0.0,0.3554697555647759,0.0,0.0
1312,0.0,0.4585172514812467,0.0,0.0
1313,,0.4021494285125425,0.0,
1314,,0.45322788082537147,0.0,
1315,1.0,0.41995707150374395,0.0,2.724642857
1316,0.0,0.42074168519753663,0.0,0.0
1317,1.0,0.41851725148124674,0.0,5.987678571
1318,0.0,0.5201233422208313,1.0,0.0
1319,,0.38001431114278644,0.0,
1320,,0.4017054317984801,0.0,
1321,,0.4849556215362248,0.0,
1322,0.0,0.4724054490848649,0.0,0.0
1323,0.0,0.42938903241573656,0.0,0.0
1324,,0.5324652566970662,1.0,3.079821429
1325,0.0,0.3882933076164157,0.0,0.0
1326,,0.3592455667742154,0.0,
1327,0.0,0.504463765979311,1.0,0.0
1328,0.0,0.5006582404358166,1.0,0.0
1329,1.0,0.5248538266659859,1.0,13.35714286
1330,0.0,0.43382319014027865,0.0,0.0
1331,,0.4200675143659657,0.0,
1332,,0.40030100442570415,0.0,
1333,0.0,0.4612293715431268,0.0,0.0
1334,0.0,0.4110490738240876,0.0,0.0
1335,0.0,0.4585172514812467,0.0,0.0
1336,,0.4097069225162354,0.0,
1337,1.0,0.4350755687225071,0.0,3.900178571
1338,1.0,0.31123820447164624,0.0,19.46107143
1339,,0.4147414402718072,0.0,
1340,0.0,0.48776094896023836,0.0,0.0
1341,,0.4449556215362247,0.0,
1342,0.0,0.4774535603336873,0.0,0.0
1343,,0.49914468098938086,0.0,
1344,0.0,0.3592455667742154,0.0,0.0
1345,0.0,0.4348248850335271,0.0,0.0
1346,0.0,0.4806879547698715,0.0,0.0
1347,0.0,0.4035689149971762,0.0,0.0
1348,0.0,0.36758134957226574,0.0,0.0
1349,,0.48901651245984207,0.0,
1350,0.0,0.4591446809893809,0.0,0.0
1351,0.0,0.5331900627786575,1.0,0.0
1352,0.0,0.5201012322858165,1.0,0.0
1353,1.0,0.4449556215362247,0.0,6.714821429
1354,,0.44963877486649795,0.0,
1355,0.0,0.5169543490331856,1.0,0.0
1356,,0.47201538839818996,0.0,
1357,,0.5320212599830039,1.0,3.079821429
1358,,0.40037642127756407,0.0,
1359,,0.2773558784528418,0.0,
1360,,0.34565638195809123,0.0,
1361,0.0,0.32212599979703427,0.0,0.0
1362,0.0,0.45777156918882445,0.0,0.0
1363,,0.5386032642161255,1.0,3.079821429
1364,0.0,0.427564992323447,0.0,0.0
1365,,0.308702659649828,0.0,
1366,,0.3979296205890406,0.0,
1367,0.0,0.2607011689320727,0.0,0.0
1368,0.0,0.48901651245984207,0.0,0.0
1369,0.0,0.4812293715431268,0.0,0.0
1370,,0.5226815140589892,1.0,3.079821429
1371,0.0,0.32212599979703427,0.0,0.0
1372,0.0,0.29237493055980873,0.0,0.0
1373,,0.5115367601696779,1.0,3.079821429
1374,,0.4012135762415662,0.0,
1375,0.0,0.49132989552219153,0.0,0.0
1376,0.0,0.504463765979311,1.0,0.0
1377,,0.43695413081846934,0.0,
1378,0.0,0.48983762846948603,0.0,0.0
1379,0.0,0.4147414402718072,0.0,0.0
1380,,0.37926590031207885,0.0,
1381,0.0,0.48332638459023797,0.0,0.0
1382,0.0,0.44229306269068625,0.0,0.0
1383,1.0,0.5188234856019794,1.0,10.90982143
1384,0.0,0.3771608762204694,0.0,0.0
1385,,0.3945843301098097,0.0,
1386,0.0,0.29237493055980873,0.0,0.0
1387,0.0,0.4287314327456642,0.0,0.0
1388,0.0,0.34115103723094903,0.0,0.0
1389,,0.43930124823082295,0.0,
1390,,0.32746239326220666,0.0,
1391,1.0,0.4622930626906862,0.0,3.349285714
1392,1.0,0.4910169971165964,0.0,1.674642857
1393,,0.4580816943251569,0.0,
1394,0.0,0.4147414402718072,0.0,0.0
1395,,0.5052407012504025,1.0,3.079821429
1396,1.0,0.46491106630502843,0.0,3.066428571
1397,0.0,0.39124407605646006,0.0,0.0
1398,,0.43283614825090405,0.0,
1399,1.0,0.498850438693728,0.0,27.23375
1400,1.0,0.5148274530066861,1.0,4.657142857
1401,0.0,0.36636163203700456,0.0,0.0
1402,0.0,0.4449905521541828,0.0,0.0
1403,0.0,0.5183316300450656,1.0,0.0
1404,0.0,0.464463765979311,0.0,0.0
1405,,0.38379012235222604,0.0,
1406,0.0,0.4806879547698715,0.0,0.0
1407,,0.3755674242794209,0.0,
1408,1.0,0.31335298830353875,0.0,1.663571429
1409,0.0,0.4287314327456642,0.0,0.0
1410,,0.27615074176924825,0.0,
1411,1.0,0.3792396951894016,0.0,0.799642857
1412,1.0,0.4818575055345964,0.0,6.795535714
1413,1.0,0.28615231866184565,0.0,1.676607143
1414,,0.4317384995865327,0.0,
1415,1.0,0.4672496254651296,0.0,0.498214286
1416,,0.5115930585705017,1.0,3.079821429
1417,0.0,0.35292833915814387,0.0,0.0
1418,0.0,0.4147414402718072,0.0,0.0
1419,,0.4060923476243872,0.0,
1420,,0.4117916130699813,0.0,
1421,,0.42148422444343026,0.0,
1422,,0.4575990013497181,0.0,
1423,0.0,0.4790951197730393,0.0,0.0
1424,,0.4861173078564358,0.0,
1425,0.0,0.5677172593287105,1.0,0.0
1426,,0.5372145821938561,1.0,3.079821429
1427,0.0,0.28415223248700355,0.0,0.0
1428,0.0,0.32212599979703427,0.0,0.0
1429,0.0,0.36268348954221,0.0,0.0
1430,,0.5018575055345964,1.0,3.079821429
1431,0.0,0.42873143274566433,0.0,0.0
1432,1.0,0.46292049219882037,0.0,2.260357143
1433,,0.535774762171359,1.0,3.079821429
1434,0.0,0.3899844282721092,0.0,0.0
1435,,0.4877529379157401,0.0,
1436,0.0,0.5341059505367497,1.0,0.0
1437,0.0,0.5299951736912926,1.0,0.0
1438,0.0,0.4035689149971762,0.0,0.0
1439,0.0,0.4747414402718072,0.0,0.0
1440,,0.4829204921988204,0.0,
1441,,0.4259311113067959,0.0,
1442,1.0,0.5728224169474282,1.0,8.280714286
1443,,0.47070763311553565,0.0,
1444,,0.5386032642161255,1.0,3.079821429
1445,,0.27615074176924825,0.0,
1446,,0.31123820447164624,0.0,
1447,,0.39179161306998134,0.0,
1448,,0.32212599979703427,0.0,
1449,,0.4548248850335272,0.0,
1450,1.0,0.4877529379157401,0.0,3.89875
1451,0.0,0.5061548866350045,1.0,0.0
1452,0.0,0.4849556215362248,0.0,0.0
1453,0.0,0.3592455667742154,0.0,0.0
1454,0.0,0.30469991908772937,0.0,0.0
1455,,0.43449013963861083,0.0,
1456,0.0,0.47621135357245103,0.0,0.0
1457,,0.2950140156810857,0.0,
1458,,0.4818575055345964,0.0,
1459,0.0,0.3979296205890406,0.0,0.0
1460,,0.4035689149971762,0.0,
1461,0.0,0.39179161306998134,0.0,0.0
1462,0.0,0.4747414402718072,0.0,0.0
1463,0.0,0.4297069225162354,0.0,0.0
1464,0.0,0.4035689149971762,0.0,0.0
1465,,0.4849556215362248,0.0,
1466,,0.393482733725675,0.0,
1467,0.0,0.4072732626146481,0.0,0.0
1468,,0.32212599979703427,0.0,
1469,1.0,0.49688337046459574,0.0,22.7425
1470,1.0,0.3871452173027172,0.0,2.794107143
1471,0.0,0.3946272717722661,0.0,0.0
1472,0.0,0.4612293715431268,0.0,0.0
1473,1.0,0.4110490738240876,0.0,4.929642857
1474,,0.40280017062860507,0.0,
1475,,0.41534621692437107,0.0,
1476,0.0,0.5086296378754254,1.0,0.0
1477,0.0,0.4110490738240876,0.0,0.0
1478,,0.5457651681075678,1.0,3.079821429
1479,0.0,0.5517722786675141,1.0,0.0
1480,,0.4412293715431268,0.0,
1481,0.0,0.4849556215362248,0.0,0.0
1482,,0.4591446809893809,0.0,
1483,0.0,0.4796355818515801,0.0,0.0
1484,1.0,0.47363480746179126,0.0,25.60910714
1485,,0.4510254366745691,0.0,
1486,0.0,0.4297069225162355,0.0,0.0
1487,,0.361151037230949,0.0,
1488,0.0,0.5765982281568678,1.0,0.0
1489,,0.42827491445216687,0.0,
1490,0.0,0.5018575055345964,1.0,0.0
1491,,0.4117916130699813,0.0,
1492,1.0,0.4790446929570291,0.0,0.815535714
1493,,0.4774535603336873,0.0,
1494,,0.4161812602943044,0.0,
1495,0.0,0.3943150456971923,0.0,0.0
1496,1.0,0.39618126029430445,0.0,5.77125
1497,,0.3126576909562799,0.0,
1498,,0.5120079028977679,1.0,3.079821429
1499,0.0,0.5363469275236714,1.0,0.0
1500,1.0,0.31123820447164624,0.0,21.025
1501,,0.4449556215362247,0.0,
1502,1.0,0.41995707150374395,0.0,34.01660714
1503,,0.33124407605646,0.0,
1504,,0.5249556215362248,1.0,3.079821429
1505,0.0,0.33670415036758344,0.0,0.0
1506,0.0,0.4035689149971762,0.0,0.0
1507,,0.3249268484403885,0.0,
1508,,0.3215756863763438,0.0,
1509,,0.3745843301098097,0.0,
1510,,0.3485439913053955,0.0,
1511,,0.41540520366788114,0.0,
1512,,0.47201538839818996,0.0,
1513,0.0,0.47102612670375515,0.0,0.0
1514,1.0,0.47784113940143946,0.0,5.40125
1515,0.0,0.45924813474737425,0.0,0.0
1516,,0.4385172514812467,0.0,
1517,0.0,0.3979296205890406,0.0,0.0
1518,,0.32212599979703427,0.0,
1519,0.0,0.4628709309824788,0.0,0.0
1520,,0.4849556215362248,0.0,
1521,,0.4849556215362248,0.0,
1522,0.0,0.38427694148325864,0.0,0.0
1523,0.0,0.4035689149971762,0.0,0.0
1524,0.0,0.44382802758880124,0.0,0.0
1525,,0.33670415036758344,0.0,
1526,,0.3454865873882475,0.0,
1527,0.0,0.4117916130699813,0.0,0.0
1528,0.0,0.31123820447164624,0.0,0.0
1529,0.0,0.33670415036758344,0.0,0.0
1530,,0.44593111130679586,0.0,
1531,0.0,0.4162738925830683,0.0,0.0
1532,0.0,0.46329732555709363,0.0,0.0
1533,0.0,0.41250724395510374,0.0,0.0
1534,0.0,0.34115103723094903,0.0,0.0
1535,0.0,0.4585172514812467,0.0,0.0
1536,1.0,0.383790122352226,0.0,1.375714286
1537,1.0,0.46710806738449134,0.0,38.43142857
1538,0.0,0.45268646405211604,0.0,0.0
1539,0.0,0.44807308623056175,0.0,0.0
1540,,0.41250724395510374,0.0,
1541,,0.3421259997970342,0.0,
1542,0.0,0.4138231901402786,0.0,0.0
1543,,0.5544555368288075,1.0,3.079821429
1544,,0.31123820447164624,0.0,
1545,0.0,0.26792804369644313,0.0,0.0
1546,,0.43157045044590886,0.0,
1547,0.0,0.31123820447164624,0.0,0.0
1548,0.0,0.4385172514812467,0.0,0.0
1549,1.0,0.33670415036758344,0.0,0.368214286
1550,,0.42148422444343026,0.0,
1551,,0.5750632574418304,1.0,3.079821429
1552,1.0,0.3752554057637358,0.0,6.901071429
1553,,0.4412293715431268,0.0,
1554,0.0,0.4125179528797292,0.0,0.0
1555,0.0,0.4918650582291576,0.0,0.0
1556,0.0,0.39179161306998134,0.0,0.0
1557,0.0,0.5444637659793109,1.0,0.0
1558,0.0,0.4610150217420867,0.0,0.0
1559,,0.4125072439551038,0.0,
1560,0.0,0.6265543281178707,1.0,0.0
1561,0.0,0.42429727502112224,0.0,0.0
1562,,0.45673292346341954,0.0,
1563,0.0,0.47851725148124674,0.0,0.0
1564,1.0,0.5107076331155356,1.0,9.290178571
1565,0.0,0.5294520696159319,1.0,0.0
1566,,0.4980816943251569,0.0,
1567,0.0,0.31123820447164624,0.0,0.0
1568,0.0,0.4348539440666715,0.0,0.0
1569,,0.49696587398809705,0.0,
1570,0.0,0.49367039338065993,0.0,0.0
1571,1.0,0.32212599979703427,0.0,3.45375
1572,0.0,0.4997707947666523,0.0,0.0
1573,0.0,0.42198293755435384,0.0,0.0
1574,0.0,0.32212599979703427,0.0,0.0
1575,0.0,0.39618126029430445,0.0,0.0
1576,0.0,0.42148422444343026,0.0,0.0
1577,0.0,0.504463765979311,1.0,0.0
1578,,0.4147414402718072,0.0,
1579,0.0,0.4845174964069761,0.0,0.0
1580,0.0,0.35292833915814387,0.0,0.0
1581,0.0,0.37101699711659647,0.0,0.0
1582,0.0,0.4021494285125426,0.0,0.0
1583,0.0,0.38001431114278644,0.0,0.0
1584,0.0,0.37155105814626394,0.0,0.0
1585,1.0,0.447241185907157,0.0,3.410892857
1586,,0.39557586383739346,0.0,
1587,,0.3987537112173015,0.0,
1588,,0.4017054317984801,0.0,
1589,,0.3792396951894016,0.0,
1590,0.0,0.4812293715431268,0.0,0.0
1591,0.0,0.39179161306998134,0.0,0.0
1592,0.0,0.31123820447164624,0.0,0.0
1593,0.0,0.4445174964069761,0.0,0.0
1594,,0.3903721265853477,0.0,
1595,0.0,0.4287314327456642,0.0,0.0
1596,0.0,0.43759900134971813,0.0,0.0
1597,,0.47995707150374395,0.0,
1598,,0.4138231901402786,0.0,
1599,,0.504463765979311,1.0,3.079821429
1600,0.0,0.47426284045764605,0.0,0.0
1601,0.0,0.5367673063224171,1.0,0.0
1602,0.0,0.31123820447164624,0.0,0.0
1603,,0.48901651245984207,0.0,
1604,,0.5059029307008978,1.0,3.079821429
1605,0.0,0.4732278808253714,0.0,0.0
1606,,0.5018575055345964,1.0,3.079821429
1607,0.0,0.31123820447164624,0.0,0.0
1608,0.0,0.4385172514812467,0.0,0.0
1609,,0.4287314327456642,0.0,
1610,,0.3781088406860528,0.0,
1611,,0.3525138635089889,0.0,
1612,0.0,0.4449556215362247,0.0,0.0
1613,1.0,0.4347414402718072,0.0,2.088571429
1614,,0.512194987439294,1.0,3.079821429
1615,0.0,0.36284215788664254,0.0,0.0
